date,order_id,taiwan_total
01-01-2023,10001,NT$400
01-01-2023,10002,NT$750
01-01-2023,10003,"NT$1,020"
01-01-2023,10004,NT$780
01-01-2023,10005,"NT$1,000"
01-01-2023,10006,NT$850
01-01-2023,10007,NT$900
01-01-2023,10008,NT$340
01-01-2023,10009,NT$610
01-01-2023,10010,NT$390
01-01-2023,10011,"NT$1,000"
01-01-2023,10012,NT$710
01-01-2023,10013,NT$310
01-01-2023,10014,NT$540
01-01-2023,10015,NT$480
01-01-2023,10016,NT$360
01-01-2023,10017,"NT$1,410"
01-01-2023,10018,NT$330
01-01-2023,10019,NT$610
01-01-2023,10020,NT$580
01-01-2023,10021,"NT$1,100"
01-01-2023,10022,NT$890
01-01-2023,10023,NT$510
01-01-2023,10024,NT$980
01-01-2023,10025,NT$620
01-01-2023,10026,NT$660
01-01-2023,10027,NT$460
01-01-2023,10028,NT$460
01-01-2023,10029,"NT$1,050"
02-01-2023,10030,NT$470
02-01-2023,10031,NT$800
02-01-2023,10032,NT$480
02-01-2023,10033,NT$440
02-01-2023,10034,"NT$1,030"
02-01-2023,10035,NT$810
02-01-2023,10036,NT$790
02-01-2023,10037,NT$680
02-01-2023,10038,"NT$1,240"
02-01-2023,10039,NT$810
02-01-2023,10040,"NT$1,120"
02-01-2023,10041,NT$140
02-01-2023,10042,NT$880
02-01-2023,10043,NT$190
02-01-2023,10044,"NT$1,240"
02-01-2023,10045,NT$690
02-01-2023,10046,"NT$1,090"
02-01-2023,10047,"NT$1,030"
02-01-2023,10048,NT$900
02-01-2023,10049,NT$260
02-01-2023,10050,NT$380
02-01-2023,10051,NT$460
02-01-2023,10052,NT$800
02-01-2023,10053,NT$350
02-01-2023,10054,NT$790
02-01-2023,10055,NT$360
02-01-2023,10056,NT$730
02-01-2023,10057,NT$810
03-01-2023,10058,NT$280
03-01-2023,10059,NT$660
03-01-2023,10060,NT$910
03-01-2023,10061,NT$190
03-01-2023,10062,NT$230
03-01-2023,10063,NT$630
03-01-2023,10064,NT$390
03-01-2023,10065,NT$910
03-01-2023,10066,NT$780
03-01-2023,10067,NT$430
03-01-2023,10068,NT$660
03-01-2023,10069,NT$660
03-01-2023,10070,NT$510
03-01-2023,10071,NT$570
03-01-2023,10072,NT$590
03-01-2023,10073,NT$350
03-01-2023,10074,NT$290
03-01-2023,10075,NT$500
03-01-2023,10076,NT$600
03-01-2023,10077,NT$650
03-01-2023,10078,"NT$1,070"
03-01-2023,10079,NT$980
03-01-2023,10080,NT$660
03-01-2023,10081,NT$610
03-01-2023,10082,NT$810
03-01-2023,10083,NT$880
03-01-2023,10084,NT$190
03-01-2023,10085,NT$890
04-01-2023,10086,NT$750
04-01-2023,10087,NT$870
04-01-2023,10088,NT$790
04-01-2023,10089,NT$420
04-01-2023,10090,NT$500
04-01-2023,10091,NT$500
04-01-2023,10092,NT$730
04-01-2023,10093,"NT$1,060"
04-01-2023,10094,NT$770
04-01-2023,10095,"NT$1,170"
04-01-2023,10096,NT$930
04-01-2023,10097,NT$680
04-01-2023,10098,NT$990
04-01-2023,10099,NT$370
04-01-2023,10100,NT$400
04-01-2023,10101,NT$500
04-01-2023,10102,"NT$1,200"
04-01-2023,10103,NT$330
04-01-2023,10104,"NT$1,280"
04-01-2023,10105,NT$870
04-01-2023,10106,"NT$1,030"
04-01-2023,10107,NT$590
04-01-2023,10108,"NT$1,150"
04-01-2023,10109,NT$820
04-01-2023,10110,"NT$1,180"
04-01-2023,10111,NT$600
04-01-2023,10112,NT$590
04-01-2023,10113,"NT$1,160"
05-01-2023,10114,NT$660
05-01-2023,10115,NT$670
05-01-2023,10116,"NT$1,280"
05-01-2023,10117,NT$520
05-01-2023,10118,NT$990
05-01-2023,10119,"NT$1,100"
05-01-2023,10120,NT$240
05-01-2023,10121,NT$770
05-01-2023,10122,"NT$1,000"
05-01-2023,10123,NT$370
05-01-2023,10124,NT$620
05-01-2023,10125,NT$530
05-01-2023,10126,NT$560
05-01-2023,10127,NT$630
05-01-2023,10128,"NT$1,100"
05-01-2023,10129,NT$680
05-01-2023,10130,NT$520
05-01-2023,10131,"NT$1,100"
05-01-2023,10132,NT$870
05-01-2023,10133,NT$530
05-01-2023,10134,NT$190
05-01-2023,10135,NT$340
05-01-2023,10136,NT$660
05-01-2023,10137,"NT$1,000"
05-01-2023,10138,"NT$1,070"
05-01-2023,10139,"NT$1,160"
05-01-2023,10140,NT$610
05-01-2023,10141,NT$920
06-01-2023,10142,NT$270
06-01-2023,10143,NT$170
06-01-2023,10144,NT$460
06-01-2023,10145,NT$900
06-01-2023,10146,NT$140
06-01-2023,10147,NT$620
06-01-2023,10148,NT$760
06-01-2023,10149,NT$430
06-01-2023,10150,NT$850
06-01-2023,10151,NT$560
06-01-2023,10152,NT$780
06-01-2023,10153,NT$760
06-01-2023,10154,NT$560
06-01-2023,10155,NT$730
06-01-2023,10156,NT$730
06-01-2023,10157,"NT$1,050"
06-01-2023,10158,NT$770
06-01-2023,10159,NT$360
06-01-2023,10160,NT$440
06-01-2023,10161,"NT$1,170"
06-01-2023,10162,NT$310
06-01-2023,10163,NT$810
06-01-2023,10164,NT$380
06-01-2023,10165,NT$730
06-01-2023,10166,NT$950
06-01-2023,10167,"NT$1,130"
06-01-2023,10168,"NT$1,030"
06-01-2023,10169,NT$830
07-01-2023,10170,NT$740
07-01-2023,10171,NT$840
07-01-2023,10172,NT$200
07-01-2023,10173,NT$440
07-01-2023,10174,NT$510
07-01-2023,10175,NT$770
07-01-2023,10176,NT$350
07-01-2023,10177,"NT$1,030"
07-01-2023,10178,NT$290
07-01-2023,10179,NT$270
07-01-2023,10180,NT$830
07-01-2023,10181,NT$690
07-01-2023,10182,"NT$1,590"
07-01-2023,10183,NT$680
07-01-2023,10184,NT$790
07-01-2023,10185,NT$530
07-01-2023,10186,NT$880
07-01-2023,10187,NT$700
07-01-2023,10188,NT$830
07-01-2023,10189,NT$700
07-01-2023,10190,NT$440
07-01-2023,10191,"NT$1,110"
07-01-2023,10192,NT$560
07-01-2023,10193,NT$450
07-01-2023,10194,NT$930
07-01-2023,10195,NT$830
07-01-2023,10196,NT$820
07-01-2023,10197,"NT$1,170"
08-01-2023,10198,"NT$1,100"
08-01-2023,10199,NT$550
08-01-2023,10200,NT$260
08-01-2023,10201,"NT$1,100"
08-01-2023,10202,NT$950
08-01-2023,10203,NT$570
08-01-2023,10204,NT$740
08-01-2023,10205,NT$640
08-01-2023,10206,NT$170
08-01-2023,10207,NT$810
08-01-2023,10208,NT$350
08-01-2023,10209,NT$510
08-01-2023,10210,NT$500
08-01-2023,10211,NT$260
08-01-2023,10212,NT$380
08-01-2023,10213,NT$840
08-01-2023,10214,NT$780
08-01-2023,10215,NT$570
08-01-2023,10216,NT$260
08-01-2023,10217,NT$320
08-01-2023,10218,NT$610
08-01-2023,10219,NT$980
08-01-2023,10220,NT$490
08-01-2023,10221,NT$880
08-01-2023,10222,NT$650
08-01-2023,10223,NT$300
08-01-2023,10224,"NT$1,380"
08-01-2023,10225,NT$730
09-01-2023,10226,NT$630
09-01-2023,10227,NT$490
09-01-2023,10228,NT$630
09-01-2023,10229,NT$620
09-01-2023,10230,NT$660
09-01-2023,10231,NT$290
09-01-2023,10232,NT$360
09-01-2023,10233,NT$600
09-01-2023,10234,NT$340
09-01-2023,10235,NT$770
09-01-2023,10236,"NT$1,010"
09-01-2023,10237,NT$160
09-01-2023,10238,NT$660
09-01-2023,10239,"NT$1,190"
09-01-2023,10240,NT$320
09-01-2023,10241,NT$740
09-01-2023,10242,NT$720
09-01-2023,10243,NT$160
09-01-2023,10244,NT$770
09-01-2023,10245,NT$680
09-01-2023,10246,NT$700
09-01-2023,10247,NT$530
09-01-2023,10248,NT$900
09-01-2023,10249,NT$460
09-01-2023,10250,NT$740
09-01-2023,10251,NT$650
09-01-2023,10252,NT$230
09-01-2023,10253,"NT$1,240"
10-01-2023,10254,"NT$1,090"
10-01-2023,10255,NT$680
10-01-2023,10256,NT$780
10-01-2023,10257,NT$170
10-01-2023,10258,NT$880
10-01-2023,10259,NT$500
10-01-2023,10260,NT$610
10-01-2023,10261,NT$910
10-01-2023,10262,NT$410
10-01-2023,10263,NT$520
10-01-2023,10264,NT$470
10-01-2023,10265,"NT$1,030"
10-01-2023,10266,NT$620
10-01-2023,10267,NT$330
10-01-2023,10268,NT$550
10-01-2023,10269,NT$870
10-01-2023,10270,NT$440
10-01-2023,10271,NT$840
10-01-2023,10272,"NT$1,000"
10-01-2023,10273,NT$410
10-01-2023,10274,"NT$1,080"
10-01-2023,10275,NT$460
10-01-2023,10276,NT$610
10-01-2023,10277,NT$310
10-01-2023,10278,NT$440
10-01-2023,10279,NT$560
10-01-2023,10280,NT$270
10-01-2023,10281,NT$690
11-01-2023,10282,"NT$1,040"
11-01-2023,10283,NT$850
11-01-2023,10284,NT$470
11-01-2023,10285,NT$500
11-01-2023,10286,NT$640
11-01-2023,10287,"NT$1,140"
11-01-2023,10288,NT$490
11-01-2023,10289,"NT$1,010"
11-01-2023,10290,"NT$1,020"
11-01-2023,10291,NT$530
11-01-2023,10292,"NT$1,180"
11-01-2023,10293,NT$290
11-01-2023,10294,NT$880
11-01-2023,10295,NT$630
11-01-2023,10296,NT$790
11-01-2023,10297,NT$520
11-01-2023,10298,"NT$1,080"
11-01-2023,10299,NT$350
11-01-2023,10300,NT$280
11-01-2023,10301,NT$470
11-01-2023,10302,"NT$1,260"
11-01-2023,10303,NT$530
11-01-2023,10304,NT$790
11-01-2023,10305,NT$670
11-01-2023,10306,NT$980
11-01-2023,10307,NT$440
11-01-2023,10308,NT$400
11-01-2023,10309,NT$720
12-01-2023,10310,NT$530
12-01-2023,10311,NT$570
12-01-2023,10312,NT$360
12-01-2023,10313,NT$310
12-01-2023,10314,NT$320
12-01-2023,10315,NT$340
12-01-2023,10316,NT$570
12-01-2023,10317,NT$500
12-01-2023,10318,NT$380
12-01-2023,10319,NT$720
12-01-2023,10320,NT$540
12-01-2023,10321,NT$780
12-01-2023,10322,NT$260
12-01-2023,10323,NT$690
12-01-2023,10324,NT$680
12-01-2023,10325,"NT$1,010"
12-01-2023,10326,NT$820
12-01-2023,10327,NT$900
12-01-2023,10328,NT$280
12-01-2023,10329,NT$510
12-01-2023,10330,NT$830
12-01-2023,10331,"NT$1,220"
12-01-2023,10332,NT$720
12-01-2023,10333,NT$860
12-01-2023,10334,"NT$1,490"
12-01-2023,10335,NT$820
12-01-2023,10336,NT$520
12-01-2023,10337,NT$600
13-01-2023,10338,"NT$1,090"
13-01-2023,10339,NT$790
13-01-2023,10340,NT$850
13-01-2023,10341,NT$830
13-01-2023,10342,NT$360
13-01-2023,10343,NT$780
13-01-2023,10344,NT$800
13-01-2023,10345,NT$440
13-01-2023,10346,NT$770
13-01-2023,10347,NT$530
13-01-2023,10348,NT$390
13-01-2023,10349,NT$860
13-01-2023,10350,NT$430
13-01-2023,10351,NT$340
13-01-2023,10352,NT$560
13-01-2023,10353,NT$640
13-01-2023,10354,NT$930
13-01-2023,10355,NT$630
13-01-2023,10356,NT$410
13-01-2023,10357,NT$850
13-01-2023,10358,NT$580
13-01-2023,10359,NT$550
13-01-2023,10360,NT$470
13-01-2023,10361,NT$850
13-01-2023,10362,NT$880
13-01-2023,10363,NT$590
13-01-2023,10364,NT$350
13-01-2023,10365,NT$360
14-01-2023,10366,NT$710
14-01-2023,10367,"NT$1,120"
14-01-2023,10368,NT$880
14-01-2023,10369,NT$660
14-01-2023,10370,NT$390
14-01-2023,10371,NT$620
14-01-2023,10372,NT$470
14-01-2023,10373,"NT$1,130"
14-01-2023,10374,NT$650
14-01-2023,10375,"NT$1,160"
14-01-2023,10376,NT$540
14-01-2023,10377,NT$730
14-01-2023,10378,NT$650
14-01-2023,10379,NT$560
14-01-2023,10380,"NT$1,370"
14-01-2023,10381,NT$530
14-01-2023,10382,NT$470
14-01-2023,10383,NT$670
14-01-2023,10384,NT$830
14-01-2023,10385,"NT$1,170"
14-01-2023,10386,NT$320
14-01-2023,10387,NT$320
14-01-2023,10388,NT$720
14-01-2023,10389,NT$470
14-01-2023,10390,NT$720
14-01-2023,10391,NT$200
14-01-2023,10392,"NT$1,230"
14-01-2023,10393,"NT$1,280"
15-01-2023,10394,NT$830
15-01-2023,10395,"NT$1,170"
15-01-2023,10396,NT$410
15-01-2023,10397,NT$190
15-01-2023,10398,NT$810
15-01-2023,10399,NT$610
15-01-2023,10400,NT$600
15-01-2023,10401,NT$350
15-01-2023,10402,NT$980
15-01-2023,10403,NT$730
15-01-2023,10404,NT$410
15-01-2023,10405,NT$140
15-01-2023,10406,NT$690
15-01-2023,10407,NT$640
15-01-2023,10408,NT$880
15-01-2023,10409,NT$330
15-01-2023,10410,NT$770
15-01-2023,10411,NT$720
15-01-2023,10412,NT$430
15-01-2023,10413,NT$470
15-01-2023,10414,NT$470
15-01-2023,10415,NT$460
15-01-2023,10416,NT$790
15-01-2023,10417,NT$430
15-01-2023,10418,"NT$1,010"
15-01-2023,10419,NT$510
15-01-2023,10420,NT$760
15-01-2023,10421,NT$960
15-01-2023,10422,NT$630
16-01-2023,10423,NT$260
16-01-2023,10424,NT$570
16-01-2023,10425,"NT$1,050"
16-01-2023,10426,NT$670
16-01-2023,10427,NT$540
16-01-2023,10428,"NT$1,000"
16-01-2023,10429,NT$140
16-01-2023,10430,NT$740
16-01-2023,10431,NT$240
16-01-2023,10432,NT$650
16-01-2023,10433,NT$310
16-01-2023,10434,NT$410
16-01-2023,10435,"NT$1,090"
16-01-2023,10436,NT$860
16-01-2023,10437,NT$880
16-01-2023,10438,"NT$1,260"
16-01-2023,10439,"NT$1,050"
16-01-2023,10440,NT$710
16-01-2023,10441,"NT$1,110"
16-01-2023,10442,NT$730
16-01-2023,10443,NT$320
16-01-2023,10444,NT$720
16-01-2023,10445,NT$640
16-01-2023,10446,NT$810
16-01-2023,10447,NT$380
16-01-2023,10448,"NT$1,010"
16-01-2023,10449,NT$480
16-01-2023,10450,"NT$1,000"
17-01-2023,10451,NT$840
17-01-2023,10452,NT$510
17-01-2023,10453,"NT$1,040"
17-01-2023,10454,NT$660
17-01-2023,10455,NT$910
17-01-2023,10456,NT$930
17-01-2023,10457,NT$440
17-01-2023,10458,NT$520
17-01-2023,10459,NT$710
17-01-2023,10460,"NT$1,150"
17-01-2023,10461,NT$850
17-01-2023,10462,NT$680
17-01-2023,10463,NT$720
17-01-2023,10464,"NT$1,010"
17-01-2023,10465,NT$860
17-01-2023,10466,"NT$1,190"
17-01-2023,10467,NT$460
17-01-2023,10468,NT$490
17-01-2023,10469,NT$790
17-01-2023,10470,NT$730
17-01-2023,10471,NT$390
17-01-2023,10472,NT$440
17-01-2023,10473,NT$560
17-01-2023,10474,NT$610
17-01-2023,10475,"NT$1,140"
17-01-2023,10476,NT$890
17-01-2023,10477,NT$890
17-01-2023,10478,"NT$1,010"
18-01-2023,10479,NT$780
18-01-2023,10480,NT$810
18-01-2023,10481,NT$170
18-01-2023,10482,NT$470
18-01-2023,10483,"NT$1,140"
18-01-2023,10484,NT$360
18-01-2023,10485,NT$920
18-01-2023,10486,NT$610
18-01-2023,10487,NT$630
18-01-2023,10488,NT$620
18-01-2023,10489,NT$630
18-01-2023,10490,NT$430
18-01-2023,10491,NT$160
18-01-2023,10492,"NT$1,000"
18-01-2023,10493,NT$780
18-01-2023,10494,NT$830
18-01-2023,10495,"NT$1,420"
18-01-2023,10496,"NT$1,000"
18-01-2023,10497,NT$530
18-01-2023,10498,NT$540
18-01-2023,10499,"NT$1,020"
18-01-2023,10500,NT$690
18-01-2023,10501,NT$720
18-01-2023,10502,NT$950
18-01-2023,10503,NT$460
18-01-2023,10504,NT$710
18-01-2023,10505,NT$510
18-01-2023,10506,"NT$1,250"
19-01-2023,10507,NT$580
19-01-2023,10508,NT$160
19-01-2023,10509,NT$570
19-01-2023,10510,"NT$1,200"
19-01-2023,10511,NT$800
19-01-2023,10512,NT$610
19-01-2023,10513,NT$450
19-01-2023,10514,NT$420
19-01-2023,10515,NT$730
19-01-2023,10516,NT$530
19-01-2023,10517,"NT$1,150"
19-01-2023,10518,NT$460
19-01-2023,10519,"NT$1,170"
19-01-2023,10520,NT$470
19-01-2023,10521,NT$780
19-01-2023,10522,"NT$1,100"
19-01-2023,10523,NT$570
19-01-2023,10524,NT$140
19-01-2023,10525,NT$510
19-01-2023,10526,NT$680
19-01-2023,10527,NT$650
19-01-2023,10528,NT$800
19-01-2023,10529,NT$680
19-01-2023,10530,NT$440
19-01-2023,10531,NT$200
19-01-2023,10532,NT$170
19-01-2023,10533,NT$530
19-01-2023,10534,NT$520
20-01-2023,10535,"NT$1,010"
20-01-2023,10536,NT$610
20-01-2023,10537,NT$660
20-01-2023,10538,NT$700
20-01-2023,10539,NT$260
20-01-2023,10540,NT$830
20-01-2023,10541,NT$320
20-01-2023,10542,NT$230
20-01-2023,10543,NT$680
20-01-2023,10544,NT$420
20-01-2023,10545,NT$440
20-01-2023,10546,NT$800
20-01-2023,10547,NT$570
20-01-2023,10548,NT$570
20-01-2023,10549,NT$940
20-01-2023,10550,"NT$1,120"
20-01-2023,10551,NT$660
20-01-2023,10552,NT$710
20-01-2023,10553,NT$430
20-01-2023,10554,NT$630
20-01-2023,10555,NT$310
20-01-2023,10556,NT$540
20-01-2023,10557,NT$630
20-01-2023,10558,NT$920
20-01-2023,10559,NT$680
20-01-2023,10560,NT$830
20-01-2023,10561,NT$550
20-01-2023,10562,NT$510
21-01-2023,10563,NT$510
21-01-2023,10564,NT$370
21-01-2023,10565,NT$750
21-01-2023,10566,"NT$1,060"
21-01-2023,10567,NT$500
21-01-2023,10568,NT$490
21-01-2023,10569,NT$350
21-01-2023,10570,NT$800
21-01-2023,10571,NT$500
21-01-2023,10572,NT$440
21-01-2023,10573,NT$800
21-01-2023,10574,NT$330
21-01-2023,10575,NT$710
21-01-2023,10576,NT$640
21-01-2023,10577,"NT$1,070"
21-01-2023,10578,"NT$1,100"
21-01-2023,10579,NT$880
21-01-2023,10580,NT$740
21-01-2023,10581,NT$210
21-01-2023,10582,NT$580
21-01-2023,10583,NT$610
21-01-2023,10584,NT$960
21-01-2023,10585,"NT$1,190"
21-01-2023,10586,NT$610
21-01-2023,10587,NT$780
21-01-2023,10588,NT$320
21-01-2023,10589,NT$940
21-01-2023,10590,NT$370
22-01-2023,10591,NT$810
22-01-2023,10592,"NT$1,010"
22-01-2023,10593,NT$890
22-01-2023,10594,NT$470
22-01-2023,10595,NT$650
22-01-2023,10596,NT$750
22-01-2023,10597,NT$530
22-01-2023,10598,NT$490
22-01-2023,10599,NT$730
22-01-2023,10600,NT$450
22-01-2023,10601,NT$530
22-01-2023,10602,NT$740
22-01-2023,10603,NT$970
22-01-2023,10604,NT$460
22-01-2023,10605,NT$680
22-01-2023,10606,NT$720
22-01-2023,10607,NT$700
22-01-2023,10608,NT$740
22-01-2023,10609,NT$690
22-01-2023,10610,NT$420
22-01-2023,10611,NT$320
22-01-2023,10612,NT$440
22-01-2023,10613,NT$860
22-01-2023,10614,NT$660
22-01-2023,10615,NT$540
22-01-2023,10616,NT$480
22-01-2023,10617,NT$630
22-01-2023,10618,"NT$1,020"
23-01-2023,10619,NT$910
23-01-2023,10620,"NT$1,060"
23-01-2023,10621,NT$270
23-01-2023,10622,NT$980
23-01-2023,10623,NT$950
23-01-2023,10624,NT$470
23-01-2023,10625,"NT$1,190"
23-01-2023,10626,NT$170
23-01-2023,10627,NT$790
23-01-2023,10628,"NT$1,130"
23-01-2023,10629,NT$510
23-01-2023,10630,NT$950
23-01-2023,10631,NT$940
23-01-2023,10632,NT$160
23-01-2023,10633,"NT$1,020"
23-01-2023,10634,NT$680
23-01-2023,10635,NT$460
23-01-2023,10636,NT$490
23-01-2023,10637,NT$940
23-01-2023,10638,NT$630
23-01-2023,10639,NT$830
23-01-2023,10640,NT$890
23-01-2023,10641,NT$450
23-01-2023,10642,NT$600
23-01-2023,10643,NT$730
23-01-2023,10644,NT$140
23-01-2023,10645,NT$300
23-01-2023,10646,NT$420
24-01-2023,10647,NT$990
24-01-2023,10648,NT$390
24-01-2023,10649,NT$840
24-01-2023,10650,"NT$1,150"
24-01-2023,10651,NT$510
24-01-2023,10652,NT$320
24-01-2023,10653,NT$860
24-01-2023,10654,"NT$1,080"
24-01-2023,10655,"NT$1,050"
24-01-2023,10656,"NT$1,260"
24-01-2023,10657,NT$780
24-01-2023,10658,NT$860
24-01-2023,10659,"NT$1,430"
24-01-2023,10660,NT$910
24-01-2023,10661,NT$610
24-01-2023,10662,NT$820
24-01-2023,10663,NT$730
24-01-2023,10664,"NT$1,140"
24-01-2023,10665,NT$460
24-01-2023,10666,NT$170
24-01-2023,10667,NT$660
24-01-2023,10668,NT$470
24-01-2023,10669,NT$630
24-01-2023,10670,NT$870
24-01-2023,10671,NT$290
24-01-2023,10672,NT$560
24-01-2023,10673,NT$590
24-01-2023,10674,"NT$1,020"
25-01-2023,10675,NT$710
25-01-2023,10676,NT$350
25-01-2023,10677,"NT$1,150"
25-01-2023,10678,NT$710
25-01-2023,10679,NT$560
25-01-2023,10680,NT$980
25-01-2023,10681,NT$900
25-01-2023,10682,NT$690
25-01-2023,10683,NT$910
25-01-2023,10684,NT$330
25-01-2023,10685,NT$490
25-01-2023,10686,NT$440
25-01-2023,10687,"NT$1,120"
25-01-2023,10688,NT$680
25-01-2023,10689,NT$240
25-01-2023,10690,"NT$1,340"
25-01-2023,10691,NT$740
25-01-2023,10692,NT$930
25-01-2023,10693,NT$790
25-01-2023,10694,NT$980
25-01-2023,10695,"NT$1,070"
25-01-2023,10696,NT$560
25-01-2023,10697,NT$170
25-01-2023,10698,NT$560
25-01-2023,10699,NT$620
25-01-2023,10700,NT$500
25-01-2023,10701,NT$960
25-01-2023,10702,NT$200
26-01-2023,10703,NT$920
26-01-2023,10704,NT$610
26-01-2023,10705,NT$160
26-01-2023,10706,NT$870
26-01-2023,10707,NT$470
26-01-2023,10708,NT$690
26-01-2023,10709,NT$470
26-01-2023,10710,NT$610
26-01-2023,10711,NT$520
26-01-2023,10712,NT$460
26-01-2023,10713,NT$580
26-01-2023,10714,"NT$1,080"
26-01-2023,10715,NT$280
26-01-2023,10716,NT$470
26-01-2023,10717,NT$900
26-01-2023,10718,NT$460
26-01-2023,10719,"NT$1,060"
26-01-2023,10720,NT$650
26-01-2023,10721,NT$640
26-01-2023,10722,NT$620
26-01-2023,10723,NT$470
26-01-2023,10724,NT$530
26-01-2023,10725,NT$420
26-01-2023,10726,NT$800
26-01-2023,10727,"NT$1,410"
26-01-2023,10728,NT$510
26-01-2023,10729,NT$320
26-01-2023,10730,NT$860
27-01-2023,10731,NT$500
27-01-2023,10732,"NT$1,040"
27-01-2023,10733,NT$640
27-01-2023,10734,NT$850
27-01-2023,10735,NT$520
27-01-2023,10736,NT$600
27-01-2023,10737,"NT$1,100"
27-01-2023,10738,NT$340
27-01-2023,10739,NT$940
27-01-2023,10740,NT$830
27-01-2023,10741,NT$460
27-01-2023,10742,NT$290
27-01-2023,10743,NT$900
27-01-2023,10744,NT$570
27-01-2023,10745,NT$850
27-01-2023,10746,NT$820
27-01-2023,10747,NT$840
27-01-2023,10748,NT$310
27-01-2023,10749,NT$780
27-01-2023,10750,NT$640
27-01-2023,10751,NT$660
27-01-2023,10752,NT$370
27-01-2023,10753,"NT$1,050"
27-01-2023,10754,NT$530
27-01-2023,10755,NT$270
27-01-2023,10756,NT$490
27-01-2023,10757,"NT$1,110"
27-01-2023,10758,NT$600
28-01-2023,10759,NT$540
28-01-2023,10760,NT$330
28-01-2023,10761,NT$640
28-01-2023,10762,NT$560
28-01-2023,10763,NT$460
28-01-2023,10764,NT$720
28-01-2023,10765,"NT$1,010"
28-01-2023,10766,NT$330
28-01-2023,10767,NT$160
28-01-2023,10768,NT$620
28-01-2023,10769,NT$540
28-01-2023,10770,NT$820
28-01-2023,10771,NT$780
28-01-2023,10772,NT$830
28-01-2023,10773,NT$780
28-01-2023,10774,NT$840
28-01-2023,10775,"NT$1,040"
28-01-2023,10776,NT$700
28-01-2023,10777,NT$470
28-01-2023,10778,NT$790
28-01-2023,10779,NT$650
28-01-2023,10780,NT$410
28-01-2023,10781,NT$650
28-01-2023,10782,NT$500
28-01-2023,10783,NT$440
28-01-2023,10784,NT$870
28-01-2023,10785,NT$820
28-01-2023,10786,NT$290
29-01-2023,10787,NT$270
29-01-2023,10788,NT$610
29-01-2023,10789,NT$320
29-01-2023,10790,NT$800
29-01-2023,10791,NT$260
29-01-2023,10792,"NT$1,090"
29-01-2023,10793,NT$470
29-01-2023,10794,NT$530
29-01-2023,10795,"NT$1,120"
29-01-2023,10796,NT$330
29-01-2023,10797,NT$470
29-01-2023,10798,NT$420
29-01-2023,10799,NT$760
29-01-2023,10800,NT$580
29-01-2023,10801,NT$500
29-01-2023,10802,NT$660
29-01-2023,10803,NT$680
29-01-2023,10804,NT$640
29-01-2023,10805,NT$190
29-01-2023,10806,NT$520
29-01-2023,10807,NT$770
29-01-2023,10808,NT$700
29-01-2023,10809,NT$530
29-01-2023,10810,"NT$1,010"
29-01-2023,10811,NT$440
29-01-2023,10812,NT$840
29-01-2023,10813,NT$260
29-01-2023,10814,NT$390
30-01-2023,10815,NT$830
30-01-2023,10816,NT$560
30-01-2023,10817,"NT$1,080"
30-01-2023,10818,NT$850
30-01-2023,10819,NT$930
30-01-2023,10820,NT$740
30-01-2023,10821,NT$600
30-01-2023,10822,NT$390
30-01-2023,10823,NT$850
30-01-2023,10824,"NT$1,070"
30-01-2023,10825,NT$480
30-01-2023,10826,NT$930
30-01-2023,10827,NT$600
30-01-2023,10828,NT$690
30-01-2023,10829,NT$550
30-01-2023,10830,NT$900
30-01-2023,10831,"NT$1,070"
30-01-2023,10832,NT$190
30-01-2023,10833,NT$790
30-01-2023,10834,NT$630
30-01-2023,10835,NT$360
30-01-2023,10836,NT$610
30-01-2023,10837,"NT$1,280"
30-01-2023,10838,NT$650
30-01-2023,10839,NT$820
30-01-2023,10840,NT$320
30-01-2023,10841,NT$620
30-01-2023,10842,NT$320
30-01-2023,10843,"NT$1,220"
31-01-2023,10844,NT$850
31-01-2023,10845,NT$750
31-01-2023,10846,NT$380
31-01-2023,10847,NT$550
31-01-2023,10848,NT$500
31-01-2023,10849,NT$380
31-01-2023,10850,NT$270
31-01-2023,10851,NT$500
31-01-2023,10852,NT$180
31-01-2023,10853,NT$900
31-01-2023,10854,NT$590
31-01-2023,10855,NT$530
31-01-2023,10856,NT$750
31-01-2023,10857,NT$860
31-01-2023,10858,NT$940
31-01-2023,10859,NT$880
31-01-2023,10860,NT$990
31-01-2023,10861,"NT$1,000"
31-01-2023,10862,NT$820
31-01-2023,10863,"NT$1,460"
31-01-2023,10864,NT$290
31-01-2023,10865,NT$630
31-01-2023,10866,NT$630
31-01-2023,10867,NT$920
31-01-2023,10868,NT$420
31-01-2023,10869,NT$520
31-01-2023,10870,NT$410
31-01-2023,10871,NT$470
01-02-2023,10872,NT$640
01-02-2023,10873,NT$740
01-02-2023,10874,"NT$1,000"
01-02-2023,10875,NT$590
01-02-2023,10876,NT$380
01-02-2023,10877,NT$590
01-02-2023,10878,"NT$1,070"
01-02-2023,10879,NT$660
01-02-2023,10880,NT$950
01-02-2023,10881,NT$570
01-02-2023,10882,NT$850
01-02-2023,10883,NT$580
01-02-2023,10884,"NT$1,180"
01-02-2023,10885,NT$810
01-02-2023,10886,NT$730
01-02-2023,10887,NT$500
01-02-2023,10888,NT$390
01-02-2023,10889,NT$500
01-02-2023,10890,NT$530
01-02-2023,10891,NT$350
01-02-2023,10892,"NT$1,170"
01-02-2023,10893,NT$770
01-02-2023,10894,NT$820
01-02-2023,10895,NT$800
01-02-2023,10896,NT$770
01-02-2023,10897,NT$420
01-02-2023,10898,NT$930
01-02-2023,10899,NT$660
02-02-2023,10900,NT$700
02-02-2023,10901,NT$750
02-02-2023,10902,NT$540
02-02-2023,10903,NT$580
02-02-2023,10904,NT$810
02-02-2023,10905,NT$190
02-02-2023,10906,NT$560
02-02-2023,10907,NT$760
02-02-2023,10908,NT$840
02-02-2023,10909,NT$700
02-02-2023,10910,NT$850
02-02-2023,10911,NT$900
02-02-2023,10912,NT$580
02-02-2023,10913,NT$810
02-02-2023,10914,"NT$1,180"
02-02-2023,10915,NT$370
02-02-2023,10916,NT$560
02-02-2023,10917,NT$290
02-02-2023,10918,NT$820
02-02-2023,10919,NT$630
02-02-2023,10920,NT$910
02-02-2023,10921,"NT$1,300"
02-02-2023,10922,NT$270
02-02-2023,10923,NT$450
02-02-2023,10924,NT$390
02-02-2023,10925,"NT$1,040"
02-02-2023,10926,NT$730
02-02-2023,10927,"NT$1,140"
03-02-2023,10928,NT$780
03-02-2023,10929,NT$860
03-02-2023,10930,NT$790
03-02-2023,10931,NT$870
03-02-2023,10932,NT$780
03-02-2023,10933,NT$560
03-02-2023,10934,NT$830
03-02-2023,10935,NT$590
03-02-2023,10936,NT$810
03-02-2023,10937,NT$350
03-02-2023,10938,NT$780
03-02-2023,10939,NT$520
03-02-2023,10940,NT$780
03-02-2023,10941,NT$760
03-02-2023,10942,"NT$1,320"
03-02-2023,10943,NT$770
03-02-2023,10944,"NT$1,060"
03-02-2023,10945,"NT$1,110"
03-02-2023,10946,NT$750
03-02-2023,10947,NT$140
03-02-2023,10948,NT$560
03-02-2023,10949,NT$620
03-02-2023,10950,NT$870
03-02-2023,10951,NT$410
03-02-2023,10952,NT$730
03-02-2023,10953,NT$860
03-02-2023,10954,NT$730
03-02-2023,10955,NT$740
04-02-2023,10956,NT$440
04-02-2023,10957,NT$540
04-02-2023,10958,NT$540
04-02-2023,10959,"NT$1,030"
04-02-2023,10960,NT$620
04-02-2023,10961,NT$160
04-02-2023,10962,NT$790
04-02-2023,10963,NT$860
04-02-2023,10964,NT$710
04-02-2023,10965,"NT$1,140"
04-02-2023,10966,NT$590
04-02-2023,10967,NT$670
04-02-2023,10968,NT$440
04-02-2023,10969,"NT$1,140"
04-02-2023,10970,"NT$1,330"
04-02-2023,10971,NT$860
04-02-2023,10972,NT$520
04-02-2023,10973,"NT$1,310"
04-02-2023,10974,"NT$1,210"
04-02-2023,10975,NT$930
04-02-2023,10976,NT$440
04-02-2023,10977,NT$770
04-02-2023,10978,NT$380
04-02-2023,10979,NT$620
04-02-2023,10980,NT$400
04-02-2023,10981,NT$320
04-02-2023,10982,NT$330
04-02-2023,10983,NT$510
05-02-2023,10984,NT$650
05-02-2023,10985,"NT$1,060"
05-02-2023,10986,NT$780
05-02-2023,10987,"NT$1,120"
05-02-2023,10988,NT$620
05-02-2023,10989,"NT$1,030"
05-02-2023,10990,NT$470
05-02-2023,10991,"NT$1,260"
05-02-2023,10992,NT$530
05-02-2023,10993,NT$440
05-02-2023,10994,NT$780
05-02-2023,10995,NT$950
05-02-2023,10996,NT$660
05-02-2023,10997,NT$340
05-02-2023,10998,NT$570
05-02-2023,10999,NT$650
05-02-2023,11000,"NT$1,390"
05-02-2023,11001,NT$840
05-02-2023,11002,NT$990
05-02-2023,11003,NT$590
05-02-2023,11004,NT$470
05-02-2023,11005,NT$900
05-02-2023,11006,NT$140
05-02-2023,11007,NT$470
05-02-2023,11008,NT$900
05-02-2023,11009,NT$440
05-02-2023,11010,NT$750
05-02-2023,11011,NT$730
06-02-2023,11012,NT$880
06-02-2023,11013,"NT$1,080"
06-02-2023,11014,NT$470
06-02-2023,11015,NT$160
06-02-2023,11016,NT$360
06-02-2023,11017,NT$680
06-02-2023,11018,NT$560
06-02-2023,11019,NT$570
06-02-2023,11020,"NT$1,010"
06-02-2023,11021,NT$970
06-02-2023,11022,NT$800
06-02-2023,11023,NT$410
06-02-2023,11024,"NT$1,090"
06-02-2023,11025,NT$510
06-02-2023,11026,"NT$1,220"
06-02-2023,11027,NT$740
06-02-2023,11028,NT$500
06-02-2023,11029,"NT$1,140"
06-02-2023,11030,NT$460
06-02-2023,11031,NT$970
06-02-2023,11032,NT$790
06-02-2023,11033,NT$780
06-02-2023,11034,NT$270
06-02-2023,11035,"NT$1,010"
06-02-2023,11036,NT$990
06-02-2023,11037,NT$850
06-02-2023,11038,NT$320
06-02-2023,11039,NT$340
07-02-2023,11040,NT$860
07-02-2023,11041,NT$160
07-02-2023,11042,NT$160
07-02-2023,11043,NT$450
07-02-2023,11044,NT$570
07-02-2023,11045,NT$480
07-02-2023,11046,NT$180
07-02-2023,11047,NT$440
07-02-2023,11048,NT$870
07-02-2023,11049,NT$700
07-02-2023,11050,NT$340
07-02-2023,11051,NT$750
07-02-2023,11052,"NT$1,110"
07-02-2023,11053,NT$580
07-02-2023,11054,NT$290
07-02-2023,11055,NT$910
07-02-2023,11056,NT$410
07-02-2023,11057,NT$940
07-02-2023,11058,NT$490
07-02-2023,11059,"NT$1,450"
07-02-2023,11060,NT$510
07-02-2023,11061,NT$260
07-02-2023,11062,NT$410
07-02-2023,11063,NT$550
07-02-2023,11064,NT$690
07-02-2023,11065,NT$450
07-02-2023,11066,"NT$1,360"
07-02-2023,11067,NT$420
08-02-2023,11068,NT$470
08-02-2023,11069,NT$680
08-02-2023,11070,NT$610
08-02-2023,11071,NT$820
08-02-2023,11072,"NT$1,010"
08-02-2023,11073,NT$630
08-02-2023,11074,NT$510
08-02-2023,11075,NT$440
08-02-2023,11076,NT$320
08-02-2023,11077,NT$590
08-02-2023,11078,"NT$1,210"
08-02-2023,11079,"NT$1,030"
08-02-2023,11080,NT$510
08-02-2023,11081,NT$620
08-02-2023,11082,NT$860
08-02-2023,11083,"NT$1,200"
08-02-2023,11084,NT$310
08-02-2023,11085,NT$320
08-02-2023,11086,NT$810
08-02-2023,11087,NT$910
08-02-2023,11088,NT$820
08-02-2023,11089,"NT$1,020"
08-02-2023,11090,NT$820
08-02-2023,11091,NT$410
08-02-2023,11092,NT$180
08-02-2023,11093,"NT$1,080"
08-02-2023,11094,NT$390
08-02-2023,11095,"NT$1,090"
09-02-2023,11096,NT$480
09-02-2023,11097,NT$290
09-02-2023,11098,NT$520
09-02-2023,11099,NT$790
09-02-2023,11100,NT$690
09-02-2023,11101,NT$810
09-02-2023,11102,NT$990
09-02-2023,11103,NT$690
09-02-2023,11104,NT$860
09-02-2023,11105,NT$800
09-02-2023,11106,NT$940
09-02-2023,11107,NT$710
09-02-2023,11108,NT$850
09-02-2023,11109,NT$300
09-02-2023,11110,NT$290
09-02-2023,11111,NT$970
09-02-2023,11112,NT$580
09-02-2023,11113,NT$540
09-02-2023,11114,NT$990
09-02-2023,11115,NT$930
09-02-2023,11116,NT$320
09-02-2023,11117,NT$990
09-02-2023,11118,NT$590
09-02-2023,11119,NT$810
09-02-2023,11120,NT$970
09-02-2023,11121,NT$420
09-02-2023,11122,NT$710
09-02-2023,11123,NT$490
10-02-2023,11124,NT$420
10-02-2023,11125,"NT$1,280"
10-02-2023,11126,NT$380
10-02-2023,11127,"NT$1,110"
10-02-2023,11128,NT$450
10-02-2023,11129,NT$850
10-02-2023,11130,"NT$1,030"
10-02-2023,11131,NT$870
10-02-2023,11132,NT$350
10-02-2023,11133,NT$630
10-02-2023,11134,NT$810
10-02-2023,11135,NT$780
10-02-2023,11136,"NT$1,100"
10-02-2023,11137,NT$430
10-02-2023,11138,"NT$1,000"
10-02-2023,11139,NT$170
10-02-2023,11140,NT$610
10-02-2023,11141,"NT$1,020"
10-02-2023,11142,"NT$1,160"
10-02-2023,11143,NT$560
10-02-2023,11144,NT$170
10-02-2023,11145,NT$830
10-02-2023,11146,"NT$1,170"
10-02-2023,11147,NT$680
10-02-2023,11148,NT$460
10-02-2023,11149,NT$810
10-02-2023,11150,NT$680
10-02-2023,11151,NT$540
11-02-2023,11152,NT$260
11-02-2023,11153,NT$440
11-02-2023,11154,NT$520
11-02-2023,11155,"NT$1,350"
11-02-2023,11156,NT$980
11-02-2023,11157,"NT$1,140"
11-02-2023,11158,NT$900
11-02-2023,11159,NT$910
11-02-2023,11160,"NT$1,200"
11-02-2023,11161,"NT$1,050"
11-02-2023,11162,NT$190
11-02-2023,11163,NT$700
11-02-2023,11164,NT$340
11-02-2023,11165,"NT$1,000"
11-02-2023,11166,NT$780
11-02-2023,11167,NT$510
11-02-2023,11168,NT$660
11-02-2023,11169,NT$560
11-02-2023,11170,NT$450
11-02-2023,11171,NT$370
11-02-2023,11172,NT$740
11-02-2023,11173,NT$850
11-02-2023,11174,NT$670
11-02-2023,11175,NT$570
11-02-2023,11176,NT$320
11-02-2023,11177,NT$650
11-02-2023,11178,NT$730
11-02-2023,11179,NT$450
12-02-2023,11180,NT$290
12-02-2023,11181,"NT$1,140"
12-02-2023,11182,NT$190
12-02-2023,11183,NT$470
12-02-2023,11184,NT$970
12-02-2023,11185,NT$510
12-02-2023,11186,NT$590
12-02-2023,11187,NT$550
12-02-2023,11188,NT$780
12-02-2023,11189,NT$200
12-02-2023,11190,NT$710
12-02-2023,11191,"NT$1,030"
12-02-2023,11192,NT$410
12-02-2023,11193,"NT$1,330"
12-02-2023,11194,NT$720
12-02-2023,11195,NT$410
12-02-2023,11196,NT$410
12-02-2023,11197,NT$870
12-02-2023,11198,NT$500
12-02-2023,11199,NT$900
12-02-2023,11200,NT$680
12-02-2023,11201,NT$360
12-02-2023,11202,NT$680
12-02-2023,11203,NT$430
12-02-2023,11204,NT$770
12-02-2023,11205,NT$830
12-02-2023,11206,NT$710
12-02-2023,11207,NT$850
13-02-2023,11208,NT$440
13-02-2023,11209,NT$860
13-02-2023,11210,NT$860
13-02-2023,11211,NT$410
13-02-2023,11212,"NT$1,070"
13-02-2023,11213,NT$460
13-02-2023,11214,NT$730
13-02-2023,11215,"NT$1,090"
13-02-2023,11216,"NT$1,010"
13-02-2023,11217,NT$570
13-02-2023,11218,NT$870
13-02-2023,11219,NT$590
13-02-2023,11220,NT$760
13-02-2023,11221,NT$650
13-02-2023,11222,NT$290
13-02-2023,11223,NT$830
13-02-2023,11224,NT$320
13-02-2023,11225,NT$840
13-02-2023,11226,NT$680
13-02-2023,11227,NT$680
13-02-2023,11228,NT$750
13-02-2023,11229,NT$330
13-02-2023,11230,NT$680
13-02-2023,11231,NT$430
13-02-2023,11232,NT$780
13-02-2023,11233,NT$190
13-02-2023,11234,NT$460
13-02-2023,11235,NT$290
14-02-2023,11236,NT$740
14-02-2023,11237,NT$660
14-02-2023,11238,NT$910
14-02-2023,11239,"NT$1,020"
14-02-2023,11240,NT$650
14-02-2023,11241,NT$350
14-02-2023,11242,NT$460
14-02-2023,11243,NT$400
14-02-2023,11244,NT$740
14-02-2023,11245,NT$360
14-02-2023,11246,NT$460
14-02-2023,11247,NT$760
14-02-2023,11248,NT$950
14-02-2023,11249,NT$270
14-02-2023,11250,"NT$1,280"
14-02-2023,11251,NT$500
14-02-2023,11252,NT$600
14-02-2023,11253,NT$330
14-02-2023,11254,NT$180
14-02-2023,11255,NT$820
14-02-2023,11256,NT$690
14-02-2023,11257,NT$650
14-02-2023,11258,NT$770
14-02-2023,11259,NT$560
14-02-2023,11260,NT$570
14-02-2023,11261,NT$980
14-02-2023,11262,NT$590
14-02-2023,11263,NT$870
14-02-2023,11264,NT$760
15-02-2023,11265,NT$590
15-02-2023,11266,"NT$1,110"
15-02-2023,11267,NT$990
15-02-2023,11268,NT$330
15-02-2023,11269,NT$780
15-02-2023,11270,NT$750
15-02-2023,11271,NT$520
15-02-2023,11272,NT$330
15-02-2023,11273,NT$970
15-02-2023,11274,NT$760
15-02-2023,11275,NT$800
15-02-2023,11276,NT$810
15-02-2023,11277,"NT$1,130"
15-02-2023,11278,NT$570
15-02-2023,11279,NT$760
15-02-2023,11280,NT$370
15-02-2023,11281,NT$850
15-02-2023,11282,NT$520
15-02-2023,11283,NT$890
15-02-2023,11284,NT$610
15-02-2023,11285,NT$830
15-02-2023,11286,NT$480
15-02-2023,11287,NT$440
15-02-2023,11288,NT$690
15-02-2023,11289,NT$460
15-02-2023,11290,NT$580
15-02-2023,11291,NT$870
15-02-2023,11292,NT$640
16-02-2023,11293,NT$940
16-02-2023,11294,"NT$1,110"
16-02-2023,11295,NT$670
16-02-2023,11296,NT$680
16-02-2023,11297,NT$670
16-02-2023,11298,"NT$1,280"
16-02-2023,11299,NT$760
16-02-2023,11300,NT$490
16-02-2023,11301,NT$910
16-02-2023,11302,NT$500
16-02-2023,11303,NT$830
16-02-2023,11304,NT$530
16-02-2023,11305,NT$960
16-02-2023,11306,NT$630
16-02-2023,11307,"NT$1,260"
16-02-2023,11308,"NT$1,300"
16-02-2023,11309,NT$480
16-02-2023,11310,NT$730
16-02-2023,11311,NT$980
16-02-2023,11312,NT$630
16-02-2023,11313,NT$700
16-02-2023,11314,NT$560
16-02-2023,11315,NT$780
16-02-2023,11316,NT$900
16-02-2023,11317,NT$730
16-02-2023,11318,NT$900
16-02-2023,11319,NT$630
16-02-2023,11320,NT$390
17-02-2023,11321,NT$750
17-02-2023,11322,"NT$1,000"
17-02-2023,11323,NT$910
17-02-2023,11324,"NT$1,030"
17-02-2023,11325,NT$660
17-02-2023,11326,"NT$1,220"
17-02-2023,11327,NT$740
17-02-2023,11328,NT$670
17-02-2023,11329,"NT$1,020"
17-02-2023,11330,NT$820
17-02-2023,11331,NT$850
17-02-2023,11332,NT$480
17-02-2023,11333,NT$930
17-02-2023,11334,NT$740
17-02-2023,11335,NT$710
17-02-2023,11336,"NT$1,220"
17-02-2023,11337,"NT$1,000"
17-02-2023,11338,NT$800
17-02-2023,11339,NT$420
17-02-2023,11340,NT$710
17-02-2023,11341,NT$420
17-02-2023,11342,NT$340
17-02-2023,11343,NT$170
17-02-2023,11344,NT$290
17-02-2023,11345,NT$480
17-02-2023,11346,"NT$1,040"
17-02-2023,11347,NT$650
17-02-2023,11348,NT$890
18-02-2023,11349,NT$440
18-02-2023,11350,NT$520
18-02-2023,11351,NT$640
18-02-2023,11352,"NT$1,160"
18-02-2023,11353,NT$620
18-02-2023,11354,NT$510
18-02-2023,11355,NT$750
18-02-2023,11356,"NT$1,040"
18-02-2023,11357,NT$350
18-02-2023,11358,"NT$1,090"
18-02-2023,11359,NT$270
18-02-2023,11360,NT$390
18-02-2023,11361,"NT$1,120"
18-02-2023,11362,NT$580
18-02-2023,11363,NT$910
18-02-2023,11364,NT$470
18-02-2023,11365,NT$720
18-02-2023,11366,NT$300
18-02-2023,11367,NT$310
18-02-2023,11368,"NT$1,200"
18-02-2023,11369,NT$970
18-02-2023,11370,NT$430
18-02-2023,11371,"NT$1,230"
18-02-2023,11372,NT$660
18-02-2023,11373,NT$410
18-02-2023,11374,NT$610
18-02-2023,11375,NT$140
18-02-2023,11376,NT$910
19-02-2023,11377,"NT$1,000"
19-02-2023,11378,NT$960
19-02-2023,11379,NT$660
19-02-2023,11380,NT$590
19-02-2023,11381,NT$820
19-02-2023,11382,NT$610
19-02-2023,11383,NT$600
19-02-2023,11384,NT$770
19-02-2023,11385,"NT$1,020"
19-02-2023,11386,NT$580
19-02-2023,11387,NT$720
19-02-2023,11388,NT$740
19-02-2023,11389,NT$940
19-02-2023,11390,NT$760
19-02-2023,11391,NT$620
19-02-2023,11392,NT$510
19-02-2023,11393,"NT$1,040"
19-02-2023,11394,NT$780
19-02-2023,11395,NT$510
19-02-2023,11396,NT$470
19-02-2023,11397,NT$790
19-02-2023,11398,NT$840
19-02-2023,11399,NT$660
19-02-2023,11400,NT$900
19-02-2023,11401,NT$720
19-02-2023,11402,NT$730
19-02-2023,11403,NT$190
19-02-2023,11404,NT$670
20-02-2023,11405,NT$190
20-02-2023,11406,NT$920
20-02-2023,11407,NT$390
20-02-2023,11408,NT$740
20-02-2023,11409,NT$590
20-02-2023,11410,NT$730
20-02-2023,11411,NT$690
20-02-2023,11412,NT$160
20-02-2023,11413,NT$770
20-02-2023,11414,NT$920
20-02-2023,11415,NT$170
20-02-2023,11416,NT$660
20-02-2023,11417,NT$740
20-02-2023,11418,NT$400
20-02-2023,11419,NT$570
20-02-2023,11420,NT$380
20-02-2023,11421,NT$490
20-02-2023,11422,NT$740
20-02-2023,11423,NT$440
20-02-2023,11424,NT$330
20-02-2023,11425,"NT$1,080"
20-02-2023,11426,NT$960
20-02-2023,11427,"NT$1,060"
20-02-2023,11428,"NT$1,390"
20-02-2023,11429,"NT$1,110"
20-02-2023,11430,NT$510
20-02-2023,11431,NT$230
20-02-2023,11432,NT$730
21-02-2023,11433,NT$610
21-02-2023,11434,NT$880
21-02-2023,11435,"NT$1,120"
21-02-2023,11436,"NT$1,310"
21-02-2023,11437,NT$640
21-02-2023,11438,NT$640
21-02-2023,11439,"NT$1,030"
21-02-2023,11440,NT$510
21-02-2023,11441,NT$660
21-02-2023,11442,"NT$1,150"
21-02-2023,11443,"NT$1,010"
21-02-2023,11444,NT$480
21-02-2023,11445,NT$340
21-02-2023,11446,NT$450
21-02-2023,11447,NT$660
21-02-2023,11448,NT$760
21-02-2023,11449,NT$320
21-02-2023,11450,NT$330
21-02-2023,11451,"NT$1,020"
21-02-2023,11452,NT$260
21-02-2023,11453,NT$590
21-02-2023,11454,NT$290
21-02-2023,11455,NT$760
21-02-2023,11456,NT$690
21-02-2023,11457,NT$720
21-02-2023,11458,NT$920
21-02-2023,11459,NT$440
21-02-2023,11460,NT$510
22-02-2023,11461,NT$770
22-02-2023,11462,NT$750
22-02-2023,11463,NT$660
22-02-2023,11464,NT$730
22-02-2023,11465,NT$480
22-02-2023,11466,NT$530
22-02-2023,11467,NT$920
22-02-2023,11468,NT$610
22-02-2023,11469,NT$190
22-02-2023,11470,NT$230
22-02-2023,11471,NT$590
22-02-2023,11472,NT$790
22-02-2023,11473,NT$420
22-02-2023,11474,NT$820
22-02-2023,11475,NT$450
22-02-2023,11476,NT$710
22-02-2023,11477,NT$270
22-02-2023,11478,NT$310
22-02-2023,11479,NT$690
22-02-2023,11480,"NT$1,060"
22-02-2023,11481,NT$770
22-02-2023,11482,NT$660
22-02-2023,11483,"NT$1,320"
22-02-2023,11484,"NT$1,120"
22-02-2023,11485,NT$450
22-02-2023,11486,NT$590
22-02-2023,11487,NT$760
22-02-2023,11488,NT$980
23-02-2023,11489,NT$800
23-02-2023,11490,NT$710
23-02-2023,11491,NT$290
23-02-2023,11492,NT$470
23-02-2023,11493,NT$410
23-02-2023,11494,NT$590
23-02-2023,11495,NT$800
23-02-2023,11496,NT$590
23-02-2023,11497,NT$410
23-02-2023,11498,NT$190
23-02-2023,11499,NT$580
23-02-2023,11500,NT$390
23-02-2023,11501,NT$300
23-02-2023,11502,NT$890
23-02-2023,11503,NT$730
23-02-2023,11504,"NT$1,100"
23-02-2023,11505,NT$780
23-02-2023,11506,NT$510
23-02-2023,11507,NT$760
23-02-2023,11508,NT$370
23-02-2023,11509,NT$930
23-02-2023,11510,NT$190
23-02-2023,11511,NT$660
23-02-2023,11512,NT$690
23-02-2023,11513,NT$380
23-02-2023,11514,NT$770
23-02-2023,11515,NT$760
23-02-2023,11516,NT$670
24-02-2023,11517,NT$500
24-02-2023,11518,NT$440
24-02-2023,11519,"NT$1,010"
24-02-2023,11520,NT$930
24-02-2023,11521,NT$610
24-02-2023,11522,NT$510
24-02-2023,11523,NT$920
24-02-2023,11524,NT$780
24-02-2023,11525,NT$930
24-02-2023,11526,NT$550
24-02-2023,11527,NT$530
24-02-2023,11528,NT$790
24-02-2023,11529,NT$720
24-02-2023,11530,NT$950
24-02-2023,11531,NT$810
24-02-2023,11532,NT$750
24-02-2023,11533,NT$680
24-02-2023,11534,NT$780
24-02-2023,11535,"NT$1,060"
24-02-2023,11536,NT$800
24-02-2023,11537,NT$850
24-02-2023,11538,NT$700
24-02-2023,11539,NT$480
24-02-2023,11540,NT$240
24-02-2023,11541,"NT$1,180"
24-02-2023,11542,NT$760
24-02-2023,11543,NT$580
24-02-2023,11544,NT$750
25-02-2023,11545,NT$830
25-02-2023,11546,NT$510
25-02-2023,11547,NT$470
25-02-2023,11548,NT$370
25-02-2023,11549,NT$540
25-02-2023,11550,NT$310
25-02-2023,11551,NT$410
25-02-2023,11552,NT$570
25-02-2023,11553,"NT$1,080"
25-02-2023,11554,NT$880
25-02-2023,11555,NT$880
25-02-2023,11556,NT$610
25-02-2023,11557,NT$750
25-02-2023,11558,NT$630
25-02-2023,11559,NT$760
25-02-2023,11560,NT$720
25-02-2023,11561,NT$180
25-02-2023,11562,NT$410
25-02-2023,11563,"NT$1,120"
25-02-2023,11564,NT$870
25-02-2023,11565,NT$390
25-02-2023,11566,NT$620
25-02-2023,11567,"NT$1,000"
25-02-2023,11568,NT$620
25-02-2023,11569,NT$280
25-02-2023,11570,NT$950
25-02-2023,11571,NT$670
25-02-2023,11572,NT$720
26-02-2023,11573,NT$790
26-02-2023,11574,NT$600
26-02-2023,11575,NT$910
26-02-2023,11576,NT$200
26-02-2023,11577,NT$370
26-02-2023,11578,NT$920
26-02-2023,11579,NT$860
26-02-2023,11580,NT$450
26-02-2023,11581,NT$580
26-02-2023,11582,NT$740
26-02-2023,11583,"NT$1,320"
26-02-2023,11584,NT$510
26-02-2023,11585,NT$730
26-02-2023,11586,NT$990
26-02-2023,11587,NT$370
26-02-2023,11588,NT$720
26-02-2023,11589,NT$910
26-02-2023,11590,NT$900
26-02-2023,11591,"NT$1,090"
26-02-2023,11592,NT$750
26-02-2023,11593,NT$910
26-02-2023,11594,NT$310
26-02-2023,11595,NT$490
26-02-2023,11596,"NT$1,070"
26-02-2023,11597,NT$920
26-02-2023,11598,NT$450
26-02-2023,11599,NT$320
26-02-2023,11600,"NT$1,100"
27-02-2023,11601,NT$840
27-02-2023,11602,NT$420
27-02-2023,11603,NT$970
27-02-2023,11604,NT$600
27-02-2023,11605,"NT$1,350"
27-02-2023,11606,"NT$1,030"
27-02-2023,11607,NT$700
27-02-2023,11608,"NT$1,020"
27-02-2023,11609,NT$440
27-02-2023,11610,NT$350
27-02-2023,11611,NT$460
27-02-2023,11612,NT$930
27-02-2023,11613,NT$700
27-02-2023,11614,"NT$1,130"
27-02-2023,11615,NT$930
27-02-2023,11616,"NT$1,180"
27-02-2023,11617,NT$670
27-02-2023,11618,NT$710
27-02-2023,11619,"NT$1,020"
27-02-2023,11620,NT$470
27-02-2023,11621,NT$580
27-02-2023,11622,NT$330
27-02-2023,11623,NT$410
27-02-2023,11624,NT$860
27-02-2023,11625,"NT$1,230"
27-02-2023,11626,NT$620
27-02-2023,11627,NT$430
27-02-2023,11628,NT$530
28-02-2023,11629,NT$710
28-02-2023,11630,NT$390
28-02-2023,11631,NT$680
28-02-2023,11632,NT$820
28-02-2023,11633,NT$360
28-02-2023,11634,NT$490
28-02-2023,11635,NT$380
28-02-2023,11636,NT$970
28-02-2023,11637,"NT$1,070"
28-02-2023,11638,NT$760
28-02-2023,11639,NT$460
28-02-2023,11640,NT$390
28-02-2023,11641,NT$400
28-02-2023,11642,NT$940
28-02-2023,11643,NT$240
28-02-2023,11644,NT$190
28-02-2023,11645,NT$890
28-02-2023,11646,NT$910
28-02-2023,11647,NT$840
28-02-2023,11648,"NT$1,080"
28-02-2023,11649,"NT$1,050"
28-02-2023,11650,NT$600
28-02-2023,11651,NT$720
28-02-2023,11652,NT$550
28-02-2023,11653,NT$360
28-02-2023,11654,NT$600
28-02-2023,11655,NT$560
28-02-2023,11656,NT$620
01-03-2023,11657,NT$870
01-03-2023,11658,NT$580
01-03-2023,11659,"NT$1,030"
01-03-2023,11660,NT$640
01-03-2023,11661,NT$540
01-03-2023,11662,NT$690
01-03-2023,11663,"NT$1,060"
01-03-2023,11664,NT$320
01-03-2023,11665,NT$260
01-03-2023,11666,NT$820
01-03-2023,11667,NT$580
01-03-2023,11668,NT$560
01-03-2023,11669,NT$720
01-03-2023,11670,"NT$1,000"
01-03-2023,11671,NT$700
01-03-2023,11672,NT$190
01-03-2023,11673,"NT$1,280"
01-03-2023,11674,NT$470
01-03-2023,11675,NT$420
01-03-2023,11676,NT$750
01-03-2023,11677,NT$460
01-03-2023,11678,NT$700
01-03-2023,11679,NT$700
01-03-2023,11680,"NT$1,160"
01-03-2023,11681,NT$830
01-03-2023,11682,NT$500
01-03-2023,11683,NT$450
01-03-2023,11684,NT$920
01-03-2023,11685,NT$520
02-03-2023,11686,"NT$1,040"
02-03-2023,11687,"NT$1,310"
02-03-2023,11688,NT$590
02-03-2023,11689,"NT$1,060"
02-03-2023,11690,"NT$1,190"
02-03-2023,11691,NT$610
02-03-2023,11692,NT$840
02-03-2023,11693,NT$290
02-03-2023,11694,NT$830
02-03-2023,11695,NT$900
02-03-2023,11696,NT$640
02-03-2023,11697,NT$290
02-03-2023,11698,"NT$1,210"
02-03-2023,11699,NT$200
02-03-2023,11700,NT$650
02-03-2023,11701,"NT$1,000"
02-03-2023,11702,NT$650
02-03-2023,11703,NT$920
02-03-2023,11704,NT$880
02-03-2023,11705,NT$960
02-03-2023,11706,NT$530
02-03-2023,11707,NT$550
02-03-2023,11708,NT$370
02-03-2023,11709,"NT$1,240"
02-03-2023,11710,NT$560
02-03-2023,11711,NT$350
02-03-2023,11712,"NT$1,090"
02-03-2023,11713,"NT$1,070"
03-03-2023,11714,NT$280
03-03-2023,11715,NT$620
03-03-2023,11716,NT$770
03-03-2023,11717,"NT$1,200"
03-03-2023,11718,"NT$1,280"
03-03-2023,11719,"NT$1,180"
03-03-2023,11720,NT$140
03-03-2023,11721,"NT$1,000"
03-03-2023,11722,NT$500
03-03-2023,11723,NT$340
03-03-2023,11724,NT$760
03-03-2023,11725,NT$600
03-03-2023,11726,NT$470
03-03-2023,11727,NT$320
03-03-2023,11728,NT$990
03-03-2023,11729,NT$890
03-03-2023,11730,"NT$1,020"
03-03-2023,11731,NT$610
03-03-2023,11732,NT$770
03-03-2023,11733,NT$490
03-03-2023,11734,NT$790
03-03-2023,11735,NT$520
03-03-2023,11736,"NT$1,150"
03-03-2023,11737,NT$340
03-03-2023,11738,NT$990
03-03-2023,11739,NT$630
03-03-2023,11740,"NT$1,140"
03-03-2023,11741,NT$160
04-03-2023,11742,"NT$1,220"
04-03-2023,11743,"NT$1,130"
04-03-2023,11744,"NT$1,040"
04-03-2023,11745,NT$550
04-03-2023,11746,NT$640
04-03-2023,11747,"NT$1,050"
04-03-2023,11748,NT$840
04-03-2023,11749,NT$380
04-03-2023,11750,"NT$1,120"
04-03-2023,11751,"NT$1,100"
04-03-2023,11752,NT$500
04-03-2023,11753,NT$910
04-03-2023,11754,"NT$1,090"
04-03-2023,11755,NT$570
04-03-2023,11756,NT$390
04-03-2023,11757,NT$770
04-03-2023,11758,NT$880
04-03-2023,11759,"NT$1,210"
04-03-2023,11760,NT$720
04-03-2023,11761,NT$760
04-03-2023,11762,NT$750
04-03-2023,11763,NT$800
04-03-2023,11764,"NT$1,030"
04-03-2023,11765,NT$450
04-03-2023,11766,NT$340
04-03-2023,11767,NT$320
04-03-2023,11768,NT$380
04-03-2023,11769,NT$180
05-03-2023,11770,NT$730
05-03-2023,11771,"NT$1,080"
05-03-2023,11772,NT$890
05-03-2023,11773,NT$870
05-03-2023,11774,NT$580
05-03-2023,11775,NT$770
05-03-2023,11776,NT$480
05-03-2023,11777,NT$470
05-03-2023,11778,NT$960
05-03-2023,11779,"NT$1,160"
05-03-2023,11780,NT$910
05-03-2023,11781,NT$900
05-03-2023,11782,NT$850
05-03-2023,11783,NT$840
05-03-2023,11784,NT$900
05-03-2023,11785,NT$570
05-03-2023,11786,NT$460
05-03-2023,11787,"NT$1,170"
05-03-2023,11788,NT$410
05-03-2023,11789,"NT$1,030"
05-03-2023,11790,NT$800
05-03-2023,11791,NT$850
05-03-2023,11792,NT$390
05-03-2023,11793,"NT$1,130"
05-03-2023,11794,"NT$1,500"
05-03-2023,11795,"NT$1,290"
05-03-2023,11796,NT$470
05-03-2023,11797,NT$380
06-03-2023,11798,NT$190
06-03-2023,11799,NT$530
06-03-2023,11800,NT$290
06-03-2023,11801,NT$180
06-03-2023,11802,NT$140
06-03-2023,11803,NT$440
06-03-2023,11804,"NT$1,240"
06-03-2023,11805,NT$600
06-03-2023,11806,NT$510
06-03-2023,11807,NT$750
06-03-2023,11808,NT$880
06-03-2023,11809,NT$920
06-03-2023,11810,NT$440
06-03-2023,11811,NT$630
06-03-2023,11812,NT$640
06-03-2023,11813,NT$320
06-03-2023,11814,NT$820
06-03-2023,11815,NT$830
06-03-2023,11816,NT$990
06-03-2023,11817,NT$410
06-03-2023,11818,NT$920
06-03-2023,11819,"NT$1,130"
06-03-2023,11820,NT$530
06-03-2023,11821,NT$290
06-03-2023,11822,NT$720
06-03-2023,11823,NT$810
06-03-2023,11824,NT$970
06-03-2023,11825,NT$600
07-03-2023,11826,NT$880
07-03-2023,11827,NT$360
07-03-2023,11828,NT$370
07-03-2023,11829,"NT$1,220"
07-03-2023,11830,NT$800
07-03-2023,11831,NT$440
07-03-2023,11832,"NT$1,030"
07-03-2023,11833,NT$900
07-03-2023,11834,NT$480
07-03-2023,11835,NT$420
07-03-2023,11836,NT$830
07-03-2023,11837,NT$670
07-03-2023,11838,NT$770
07-03-2023,11839,NT$690
07-03-2023,11840,"NT$1,040"
07-03-2023,11841,NT$190
07-03-2023,11842,NT$860
07-03-2023,11843,NT$440
07-03-2023,11844,NT$670
07-03-2023,11845,NT$920
07-03-2023,11846,NT$330
07-03-2023,11847,NT$510
07-03-2023,11848,"NT$1,070"
07-03-2023,11849,NT$640
07-03-2023,11850,"NT$1,560"
07-03-2023,11851,NT$880
07-03-2023,11852,"NT$1,270"
07-03-2023,11853,NT$430
08-03-2023,11854,NT$580
08-03-2023,11855,NT$190
08-03-2023,11856,NT$320
08-03-2023,11857,NT$770
08-03-2023,11858,NT$890
08-03-2023,11859,NT$890
08-03-2023,11860,NT$370
08-03-2023,11861,NT$440
08-03-2023,11862,NT$640
08-03-2023,11863,NT$880
08-03-2023,11864,NT$880
08-03-2023,11865,NT$710
08-03-2023,11866,NT$540
08-03-2023,11867,NT$830
08-03-2023,11868,NT$730
08-03-2023,11869,"NT$1,080"
08-03-2023,11870,NT$510
08-03-2023,11871,NT$420
08-03-2023,11872,NT$890
08-03-2023,11873,NT$750
08-03-2023,11874,NT$470
08-03-2023,11875,NT$640
08-03-2023,11876,"NT$1,060"
08-03-2023,11877,NT$670
08-03-2023,11878,NT$610
08-03-2023,11879,NT$870
08-03-2023,11880,NT$760
08-03-2023,11881,NT$910
09-03-2023,11882,"NT$1,110"
09-03-2023,11883,NT$850
09-03-2023,11884,NT$860
09-03-2023,11885,NT$350
09-03-2023,11886,NT$920
09-03-2023,11887,NT$740
09-03-2023,11888,"NT$1,010"
09-03-2023,11889,"NT$1,060"
09-03-2023,11890,"NT$1,160"
09-03-2023,11891,"NT$1,090"
09-03-2023,11892,NT$970
09-03-2023,11893,NT$790
09-03-2023,11894,NT$680
09-03-2023,11895,NT$710
09-03-2023,11896,NT$350
09-03-2023,11897,NT$540
09-03-2023,11898,NT$500
09-03-2023,11899,NT$620
09-03-2023,11900,NT$330
09-03-2023,11901,NT$540
09-03-2023,11902,NT$440
09-03-2023,11903,NT$450
09-03-2023,11904,NT$460
09-03-2023,11905,"NT$1,550"
09-03-2023,11906,NT$770
09-03-2023,11907,"NT$1,130"
09-03-2023,11908,"NT$1,140"
09-03-2023,11909,NT$690
10-03-2023,11910,NT$730
10-03-2023,11911,"NT$1,000"
10-03-2023,11912,"NT$1,290"
10-03-2023,11913,"NT$1,020"
10-03-2023,11914,NT$780
10-03-2023,11915,NT$360
10-03-2023,11916,NT$440
10-03-2023,11917,"NT$1,170"
10-03-2023,11918,NT$710
10-03-2023,11919,NT$840
10-03-2023,11920,NT$530
10-03-2023,11921,NT$740
10-03-2023,11922,"NT$1,020"
10-03-2023,11923,NT$160
10-03-2023,11924,NT$610
10-03-2023,11925,NT$570
10-03-2023,11926,NT$790
10-03-2023,11927,NT$290
10-03-2023,11928,"NT$1,000"
10-03-2023,11929,NT$460
10-03-2023,11930,NT$750
10-03-2023,11931,NT$740
10-03-2023,11932,NT$420
10-03-2023,11933,NT$310
10-03-2023,11934,"NT$1,170"
10-03-2023,11935,NT$910
10-03-2023,11936,"NT$1,110"
10-03-2023,11937,NT$280
11-03-2023,11938,"NT$1,150"
11-03-2023,11939,NT$340
11-03-2023,11940,NT$810
11-03-2023,11941,NT$700
11-03-2023,11942,NT$850
11-03-2023,11943,NT$570
11-03-2023,11944,NT$480
11-03-2023,11945,NT$330
11-03-2023,11946,"NT$1,050"
11-03-2023,11947,NT$840
11-03-2023,11948,NT$320
11-03-2023,11949,"NT$1,120"
11-03-2023,11950,NT$580
11-03-2023,11951,"NT$1,220"
11-03-2023,11952,NT$740
11-03-2023,11953,NT$530
11-03-2023,11954,NT$540
11-03-2023,11955,NT$910
11-03-2023,11956,NT$730
11-03-2023,11957,NT$700
11-03-2023,11958,NT$900
11-03-2023,11959,NT$790
11-03-2023,11960,NT$500
11-03-2023,11961,NT$960
11-03-2023,11962,"NT$1,060"
11-03-2023,11963,NT$440
11-03-2023,11964,NT$670
11-03-2023,11965,NT$870
12-03-2023,11966,NT$340
12-03-2023,11967,NT$510
12-03-2023,11968,NT$670
12-03-2023,11969,NT$970
12-03-2023,11970,NT$630
12-03-2023,11971,NT$790
12-03-2023,11972,NT$890
12-03-2023,11973,NT$530
12-03-2023,11974,NT$520
12-03-2023,11975,NT$990
12-03-2023,11976,NT$690
12-03-2023,11977,NT$320
12-03-2023,11978,NT$310
12-03-2023,11979,NT$950
12-03-2023,11980,NT$610
12-03-2023,11981,NT$970
12-03-2023,11982,NT$290
12-03-2023,11983,NT$790
12-03-2023,11984,NT$320
12-03-2023,11985,NT$470
12-03-2023,11986,NT$700
12-03-2023,11987,NT$840
12-03-2023,11988,"NT$1,030"
12-03-2023,11989,NT$840
12-03-2023,11990,NT$230
12-03-2023,11991,"NT$1,210"
12-03-2023,11992,NT$630
12-03-2023,11993,NT$680
13-03-2023,11994,NT$450
13-03-2023,11995,NT$470
13-03-2023,11996,NT$910
13-03-2023,11997,NT$550
13-03-2023,11998,NT$560
13-03-2023,11999,NT$920
13-03-2023,12000,NT$750
13-03-2023,12001,NT$600
13-03-2023,12002,NT$650
13-03-2023,12003,NT$790
13-03-2023,12004,NT$410
13-03-2023,12005,NT$940
13-03-2023,12006,NT$840
13-03-2023,12007,NT$750
13-03-2023,12008,NT$950
13-03-2023,12009,NT$840
13-03-2023,12010,NT$720
13-03-2023,12011,NT$860
13-03-2023,12012,NT$610
13-03-2023,12013,"NT$1,110"
13-03-2023,12014,NT$840
13-03-2023,12015,"NT$1,000"
13-03-2023,12016,NT$550
13-03-2023,12017,NT$800
13-03-2023,12018,"NT$1,250"
13-03-2023,12019,NT$650
13-03-2023,12020,NT$500
13-03-2023,12021,NT$850
14-03-2023,12022,NT$480
14-03-2023,12023,"NT$1,060"
14-03-2023,12024,NT$830
14-03-2023,12025,NT$660
14-03-2023,12026,NT$740
14-03-2023,12027,NT$520
14-03-2023,12028,"NT$1,090"
14-03-2023,12029,NT$780
14-03-2023,12030,"NT$1,150"
14-03-2023,12031,NT$410
14-03-2023,12032,NT$270
14-03-2023,12033,NT$440
14-03-2023,12034,NT$610
14-03-2023,12035,NT$190
14-03-2023,12036,NT$700
14-03-2023,12037,NT$190
14-03-2023,12038,NT$440
14-03-2023,12039,NT$640
14-03-2023,12040,NT$630
14-03-2023,12041,NT$540
14-03-2023,12042,NT$660
14-03-2023,12043,NT$560
14-03-2023,12044,NT$570
14-03-2023,12045,NT$720
14-03-2023,12046,NT$860
14-03-2023,12047,NT$550
14-03-2023,12048,NT$850
14-03-2023,12049,NT$710
15-03-2023,12050,NT$790
15-03-2023,12051,NT$630
15-03-2023,12052,NT$650
15-03-2023,12053,NT$560
15-03-2023,12054,NT$760
15-03-2023,12055,NT$880
15-03-2023,12056,NT$890
15-03-2023,12057,"NT$1,050"
15-03-2023,12058,NT$440
15-03-2023,12059,"NT$1,350"
15-03-2023,12060,NT$410
15-03-2023,12061,NT$700
15-03-2023,12062,"NT$1,070"
15-03-2023,12063,"NT$1,060"
15-03-2023,12064,NT$850
15-03-2023,12065,NT$260
15-03-2023,12066,NT$590
15-03-2023,12067,NT$590
15-03-2023,12068,NT$490
15-03-2023,12069,NT$900
15-03-2023,12070,NT$770
15-03-2023,12071,NT$170
15-03-2023,12072,NT$560
15-03-2023,12073,NT$510
15-03-2023,12074,NT$860
15-03-2023,12075,NT$310
15-03-2023,12076,"NT$1,100"
15-03-2023,12077,NT$720
16-03-2023,12078,NT$410
16-03-2023,12079,NT$430
16-03-2023,12080,NT$340
16-03-2023,12081,NT$610
16-03-2023,12082,NT$550
16-03-2023,12083,NT$180
16-03-2023,12084,NT$640
16-03-2023,12085,"NT$1,050"
16-03-2023,12086,NT$720
16-03-2023,12087,NT$330
16-03-2023,12088,"NT$1,550"
16-03-2023,12089,NT$890
16-03-2023,12090,NT$750
16-03-2023,12091,NT$410
16-03-2023,12092,NT$580
16-03-2023,12093,NT$680
16-03-2023,12094,"NT$1,010"
16-03-2023,12095,NT$340
16-03-2023,12096,NT$290
16-03-2023,12097,NT$710
16-03-2023,12098,NT$490
16-03-2023,12099,"NT$1,260"
16-03-2023,12100,NT$680
16-03-2023,12101,NT$200
16-03-2023,12102,NT$920
16-03-2023,12103,"NT$1,000"
16-03-2023,12104,NT$410
16-03-2023,12105,NT$160
16-03-2023,12106,NT$140
17-03-2023,12107,"NT$1,070"
17-03-2023,12108,NT$730
17-03-2023,12109,NT$470
17-03-2023,12110,NT$320
17-03-2023,12111,NT$920
17-03-2023,12112,NT$320
17-03-2023,12113,NT$320
17-03-2023,12114,NT$560
17-03-2023,12115,NT$350
17-03-2023,12116,NT$850
17-03-2023,12117,NT$930
17-03-2023,12118,NT$560
17-03-2023,12119,NT$710
17-03-2023,12120,NT$710
17-03-2023,12121,NT$180
17-03-2023,12122,NT$530
17-03-2023,12123,"NT$1,050"
17-03-2023,12124,NT$500
17-03-2023,12125,NT$590
17-03-2023,12126,NT$960
17-03-2023,12127,NT$800
17-03-2023,12128,NT$660
17-03-2023,12129,NT$720
17-03-2023,12130,NT$960
17-03-2023,12131,NT$500
17-03-2023,12132,NT$950
17-03-2023,12133,NT$560
17-03-2023,12134,NT$650
18-03-2023,12135,NT$360
18-03-2023,12136,NT$300
18-03-2023,12137,NT$790
18-03-2023,12138,NT$590
18-03-2023,12139,NT$900
18-03-2023,12140,NT$880
18-03-2023,12141,NT$530
18-03-2023,12142,NT$570
18-03-2023,12143,NT$560
18-03-2023,12144,NT$180
18-03-2023,12145,NT$650
18-03-2023,12146,"NT$1,030"
18-03-2023,12147,"NT$1,250"
18-03-2023,12148,NT$380
18-03-2023,12149,NT$830
18-03-2023,12150,NT$760
18-03-2023,12151,NT$510
18-03-2023,12152,NT$410
18-03-2023,12153,NT$140
18-03-2023,12154,NT$810
18-03-2023,12155,NT$950
18-03-2023,12156,"NT$1,080"
18-03-2023,12157,NT$390
18-03-2023,12158,NT$380
18-03-2023,12159,"NT$1,380"
18-03-2023,12160,NT$690
18-03-2023,12161,NT$600
18-03-2023,12162,NT$460
19-03-2023,12163,NT$660
19-03-2023,12164,"NT$1,270"
19-03-2023,12165,"NT$1,040"
19-03-2023,12166,NT$730
19-03-2023,12167,NT$850
19-03-2023,12168,NT$630
19-03-2023,12169,NT$850
19-03-2023,12170,NT$490
19-03-2023,12171,NT$160
19-03-2023,12172,"NT$1,060"
19-03-2023,12173,NT$310
19-03-2023,12174,NT$300
19-03-2023,12175,NT$600
19-03-2023,12176,NT$740
19-03-2023,12177,NT$780
19-03-2023,12178,NT$410
19-03-2023,12179,NT$360
19-03-2023,12180,NT$840
19-03-2023,12181,NT$670
19-03-2023,12182,NT$690
19-03-2023,12183,NT$500
19-03-2023,12184,NT$460
19-03-2023,12185,NT$820
19-03-2023,12186,NT$500
19-03-2023,12187,NT$610
19-03-2023,12188,NT$390
19-03-2023,12189,NT$570
19-03-2023,12190,NT$540
20-03-2023,12191,NT$440
20-03-2023,12192,"NT$1,090"
20-03-2023,12193,"NT$1,120"
20-03-2023,12194,"NT$1,160"
20-03-2023,12195,NT$510
20-03-2023,12196,NT$530
20-03-2023,12197,"NT$1,030"
20-03-2023,12198,NT$310
20-03-2023,12199,"NT$1,220"
20-03-2023,12200,NT$440
20-03-2023,12201,"NT$1,130"
20-03-2023,12202,NT$770
20-03-2023,12203,"NT$1,110"
20-03-2023,12204,NT$540
20-03-2023,12205,NT$780
20-03-2023,12206,NT$500
20-03-2023,12207,NT$430
20-03-2023,12208,NT$590
20-03-2023,12209,NT$800
20-03-2023,12210,NT$460
20-03-2023,12211,NT$660
20-03-2023,12212,NT$660
20-03-2023,12213,"NT$1,090"
20-03-2023,12214,NT$620
20-03-2023,12215,NT$640
20-03-2023,12216,"NT$1,190"
20-03-2023,12217,NT$740
20-03-2023,12218,NT$610
21-03-2023,12219,NT$660
21-03-2023,12220,NT$900
21-03-2023,12221,"NT$1,150"
21-03-2023,12222,NT$620
21-03-2023,12223,NT$790
21-03-2023,12224,NT$470
21-03-2023,12225,NT$970
21-03-2023,12226,NT$560
21-03-2023,12227,NT$960
21-03-2023,12228,NT$350
21-03-2023,12229,NT$390
21-03-2023,12230,NT$480
21-03-2023,12231,NT$900
21-03-2023,12232,NT$870
21-03-2023,12233,NT$720
21-03-2023,12234,"NT$1,170"
21-03-2023,12235,"NT$1,020"
21-03-2023,12236,NT$880
21-03-2023,12237,"NT$1,000"
21-03-2023,12238,NT$160
21-03-2023,12239,NT$740
21-03-2023,12240,NT$540
21-03-2023,12241,NT$930
21-03-2023,12242,NT$880
21-03-2023,12243,NT$610
21-03-2023,12244,NT$360
21-03-2023,12245,"NT$1,080"
21-03-2023,12246,"NT$1,220"
22-03-2023,12247,NT$950
22-03-2023,12248,NT$940
22-03-2023,12249,NT$710
22-03-2023,12250,NT$290
22-03-2023,12251,"NT$1,150"
22-03-2023,12252,NT$370
22-03-2023,12253,NT$260
22-03-2023,12254,NT$440
22-03-2023,12255,NT$610
22-03-2023,12256,NT$970
22-03-2023,12257,NT$160
22-03-2023,12258,NT$330
22-03-2023,12259,"NT$1,000"
22-03-2023,12260,"NT$1,040"
22-03-2023,12261,NT$620
22-03-2023,12262,NT$580
22-03-2023,12263,"NT$1,170"
22-03-2023,12264,NT$320
22-03-2023,12265,NT$640
22-03-2023,12266,"NT$1,240"
22-03-2023,12267,NT$870
22-03-2023,12268,NT$740
22-03-2023,12269,NT$630
22-03-2023,12270,NT$460
22-03-2023,12271,"NT$1,390"
22-03-2023,12272,NT$410
22-03-2023,12273,NT$410
22-03-2023,12274,NT$720
23-03-2023,12275,NT$910
23-03-2023,12276,NT$330
23-03-2023,12277,NT$380
23-03-2023,12278,NT$580
23-03-2023,12279,NT$290
23-03-2023,12280,NT$140
23-03-2023,12281,"NT$1,010"
23-03-2023,12282,NT$730
23-03-2023,12283,NT$540
23-03-2023,12284,NT$980
23-03-2023,12285,NT$530
23-03-2023,12286,NT$660
23-03-2023,12287,NT$890
23-03-2023,12288,NT$710
23-03-2023,12289,NT$900
23-03-2023,12290,"NT$1,030"
23-03-2023,12291,NT$560
23-03-2023,12292,"NT$1,070"
23-03-2023,12293,NT$320
23-03-2023,12294,"NT$1,140"
23-03-2023,12295,NT$700
23-03-2023,12296,NT$310
23-03-2023,12297,"NT$1,250"
23-03-2023,12298,NT$660
23-03-2023,12299,"NT$1,140"
23-03-2023,12300,NT$690
23-03-2023,12301,NT$660
23-03-2023,12302,NT$590
24-03-2023,12303,NT$720
24-03-2023,12304,NT$840
24-03-2023,12305,NT$790
24-03-2023,12306,NT$800
24-03-2023,12307,NT$700
24-03-2023,12308,NT$930
24-03-2023,12309,NT$590
24-03-2023,12310,NT$540
24-03-2023,12311,NT$730
24-03-2023,12312,NT$710
24-03-2023,12313,NT$650
24-03-2023,12314,NT$740
24-03-2023,12315,NT$650
24-03-2023,12316,NT$630
24-03-2023,12317,NT$750
24-03-2023,12318,"NT$1,300"
24-03-2023,12319,NT$380
24-03-2023,12320,NT$380
24-03-2023,12321,NT$340
24-03-2023,12322,NT$530
24-03-2023,12323,NT$440
24-03-2023,12324,NT$610
24-03-2023,12325,NT$660
24-03-2023,12326,NT$290
24-03-2023,12327,NT$750
24-03-2023,12328,NT$470
24-03-2023,12329,NT$480
24-03-2023,12330,NT$940
25-03-2023,12331,NT$140
25-03-2023,12332,"NT$1,100"
25-03-2023,12333,"NT$1,060"
25-03-2023,12334,NT$820
25-03-2023,12335,NT$560
25-03-2023,12336,NT$810
25-03-2023,12337,NT$280
25-03-2023,12338,NT$410
25-03-2023,12339,NT$920
25-03-2023,12340,NT$570
25-03-2023,12341,NT$820
25-03-2023,12342,NT$190
25-03-2023,12343,NT$300
25-03-2023,12344,NT$980
25-03-2023,12345,NT$370
25-03-2023,12346,NT$340
25-03-2023,12347,NT$640
25-03-2023,12348,NT$880
25-03-2023,12349,NT$600
25-03-2023,12350,"NT$1,230"
25-03-2023,12351,NT$340
25-03-2023,12352,NT$550
25-03-2023,12353,NT$400
25-03-2023,12354,NT$410
25-03-2023,12355,NT$590
25-03-2023,12356,"NT$1,090"
25-03-2023,12357,NT$980
25-03-2023,12358,"NT$1,230"
26-03-2023,12359,NT$600
26-03-2023,12360,NT$390
26-03-2023,12361,NT$510
26-03-2023,12362,NT$570
26-03-2023,12363,NT$660
26-03-2023,12364,NT$340
26-03-2023,12365,NT$370
26-03-2023,12366,NT$880
26-03-2023,12367,NT$460
26-03-2023,12368,NT$650
26-03-2023,12369,NT$440
26-03-2023,12370,NT$630
26-03-2023,12371,NT$850
26-03-2023,12372,NT$650
26-03-2023,12373,NT$350
26-03-2023,12374,NT$960
26-03-2023,12375,NT$440
26-03-2023,12376,NT$410
26-03-2023,12377,NT$810
26-03-2023,12378,NT$830
26-03-2023,12379,NT$650
26-03-2023,12380,NT$750
26-03-2023,12381,"NT$1,240"
26-03-2023,12382,"NT$1,000"
26-03-2023,12383,"NT$1,050"
26-03-2023,12384,NT$260
26-03-2023,12385,NT$790
26-03-2023,12386,NT$660
27-03-2023,12387,NT$630
27-03-2023,12388,NT$890
27-03-2023,12389,NT$320
27-03-2023,12390,NT$810
27-03-2023,12391,NT$300
27-03-2023,12392,NT$530
27-03-2023,12393,"NT$1,060"
27-03-2023,12394,NT$550
27-03-2023,12395,"NT$1,140"
27-03-2023,12396,NT$920
27-03-2023,12397,NT$320
27-03-2023,12398,NT$520
27-03-2023,12399,NT$260
27-03-2023,12400,NT$700
27-03-2023,12401,NT$910
27-03-2023,12402,"NT$1,180"
27-03-2023,12403,NT$910
27-03-2023,12404,NT$450
27-03-2023,12405,NT$740
27-03-2023,12406,NT$560
27-03-2023,12407,NT$460
27-03-2023,12408,NT$350
27-03-2023,12409,NT$670
27-03-2023,12410,NT$740
27-03-2023,12411,NT$630
27-03-2023,12412,NT$310
27-03-2023,12413,NT$880
27-03-2023,12414,NT$770
28-03-2023,12415,NT$770
28-03-2023,12416,NT$630
28-03-2023,12417,NT$660
28-03-2023,12418,"NT$1,020"
28-03-2023,12419,NT$920
28-03-2023,12420,NT$620
28-03-2023,12421,NT$540
28-03-2023,12422,NT$610
28-03-2023,12423,NT$910
28-03-2023,12424,NT$690
28-03-2023,12425,NT$600
28-03-2023,12426,"NT$1,120"
28-03-2023,12427,"NT$1,420"
28-03-2023,12428,"NT$1,270"
28-03-2023,12429,NT$730
28-03-2023,12430,NT$560
28-03-2023,12431,NT$580
28-03-2023,12432,NT$820
28-03-2023,12433,NT$280
28-03-2023,12434,NT$770
28-03-2023,12435,NT$780
28-03-2023,12436,NT$930
28-03-2023,12437,"NT$1,140"
28-03-2023,12438,NT$860
28-03-2023,12439,"NT$1,080"
28-03-2023,12440,NT$400
28-03-2023,12441,NT$920
28-03-2023,12442,"NT$1,140"
29-03-2023,12443,NT$710
29-03-2023,12444,NT$740
29-03-2023,12445,NT$280
29-03-2023,12446,"NT$1,040"
29-03-2023,12447,"NT$1,090"
29-03-2023,12448,NT$850
29-03-2023,12449,NT$910
29-03-2023,12450,NT$700
29-03-2023,12451,NT$440
29-03-2023,12452,NT$800
29-03-2023,12453,NT$850
29-03-2023,12454,NT$930
29-03-2023,12455,NT$970
29-03-2023,12456,NT$520
29-03-2023,12457,NT$640
29-03-2023,12458,NT$410
29-03-2023,12459,NT$690
29-03-2023,12460,NT$990
29-03-2023,12461,NT$720
29-03-2023,12462,NT$490
29-03-2023,12463,NT$500
29-03-2023,12464,"NT$1,130"
29-03-2023,12465,NT$200
29-03-2023,12466,"NT$1,080"
29-03-2023,12467,NT$280
29-03-2023,12468,NT$550
29-03-2023,12469,NT$180
29-03-2023,12470,"NT$1,030"
30-03-2023,12471,"NT$1,060"
30-03-2023,12472,NT$550
30-03-2023,12473,NT$320
30-03-2023,12474,"NT$1,120"
30-03-2023,12475,NT$990
30-03-2023,12476,NT$480
30-03-2023,12477,NT$920
30-03-2023,12478,NT$460
30-03-2023,12479,NT$590
30-03-2023,12480,NT$340
30-03-2023,12481,NT$440
30-03-2023,12482,NT$700
30-03-2023,12483,NT$590
30-03-2023,12484,NT$490
30-03-2023,12485,NT$790
30-03-2023,12486,NT$420
30-03-2023,12487,NT$970
30-03-2023,12488,NT$480
30-03-2023,12489,NT$770
30-03-2023,12490,NT$650
30-03-2023,12491,NT$880
30-03-2023,12492,NT$480
30-03-2023,12493,NT$530
30-03-2023,12494,NT$720
30-03-2023,12495,NT$620
30-03-2023,12496,NT$550
30-03-2023,12497,NT$200
30-03-2023,12498,NT$560
31-03-2023,12499,"NT$1,230"
01-04-2023,12500,"NT$1,380"
01-04-2023,12501,"NT$1,390"
01-04-2023,12502,NT$520
01-04-2023,12503,NT$580
01-04-2023,12504,NT$430
01-04-2023,12505,"NT$1,200"
01-04-2023,12506,"NT$1,370"
01-04-2023,12507,NT$420
01-04-2023,12508,NT$500
01-04-2023,12509,"NT$1,180"
01-04-2023,12510,NT$930
01-04-2023,12511,NT$720
01-04-2023,12512,"NT$1,530"
01-04-2023,12513,"NT$1,420"
01-04-2023,12514,NT$840
01-04-2023,12515,NT$830
01-04-2023,12516,NT$680
01-04-2023,12517,NT$490
01-04-2023,12518,NT$660
01-04-2023,12519,NT$380
01-04-2023,12520,"NT$1,320"
01-04-2023,12521,NT$990
01-04-2023,12522,NT$170
01-04-2023,12523,"NT$1,420"
01-04-2023,12524,"NT$1,190"
01-04-2023,12525,NT$900
01-04-2023,12526,"NT$1,210"
01-04-2023,12527,NT$970
01-04-2023,12528,"NT$1,290"
02-04-2023,12529,"NT$1,040"
02-04-2023,12530,NT$470
02-04-2023,12531,"NT$1,100"
02-04-2023,12532,NT$620
02-04-2023,12533,NT$670
02-04-2023,12534,"NT$1,170"
02-04-2023,12535,"NT$1,510"
02-04-2023,12536,"NT$1,430"
02-04-2023,12537,NT$710
02-04-2023,12538,NT$360
02-04-2023,12539,NT$810
02-04-2023,12540,NT$620
02-04-2023,12541,"NT$1,190"
02-04-2023,12542,NT$730
02-04-2023,12543,NT$450
02-04-2023,12544,NT$470
02-04-2023,12545,"NT$1,660"
02-04-2023,12546,NT$760
02-04-2023,12547,NT$600
02-04-2023,12548,"NT$1,730"
02-04-2023,12549,NT$680
02-04-2023,12550,NT$410
02-04-2023,12551,NT$540
02-04-2023,12552,NT$660
02-04-2023,12553,NT$750
02-04-2023,12554,"NT$1,060"
02-04-2023,12555,NT$690
02-04-2023,12556,NT$610
02-04-2023,12557,NT$960
03-04-2023,12558,NT$630
03-04-2023,12559,"NT$1,250"
03-04-2023,12560,NT$290
03-04-2023,12561,"NT$1,140"
03-04-2023,12562,NT$960
03-04-2023,12563,NT$860
03-04-2023,12564,"NT$1,500"
03-04-2023,12565,"NT$1,110"
03-04-2023,12566,"NT$1,680"
03-04-2023,12567,NT$490
03-04-2023,12568,"NT$1,000"
03-04-2023,12569,"NT$1,110"
03-04-2023,12570,"NT$1,150"
03-04-2023,12571,NT$250
03-04-2023,12572,"NT$1,150"
03-04-2023,12573,"NT$1,380"
03-04-2023,12574,"NT$1,380"
03-04-2023,12575,"NT$1,340"
03-04-2023,12576,"NT$1,030"
03-04-2023,12577,"NT$1,080"
03-04-2023,12578,"NT$1,090"
03-04-2023,12579,NT$470
03-04-2023,12580,NT$170
03-04-2023,12581,NT$830
03-04-2023,12582,NT$430
03-04-2023,12583,"NT$1,140"
03-04-2023,12584,"NT$1,640"
03-04-2023,12585,NT$870
03-04-2023,12586,"NT$1,210"
04-04-2023,12587,"NT$1,190"
04-04-2023,12588,NT$580
04-04-2023,12589,NT$820
04-04-2023,12590,NT$560
04-04-2023,12591,NT$790
04-04-2023,12592,"NT$1,470"
04-04-2023,12593,"NT$1,200"
04-04-2023,12594,NT$700
04-04-2023,12595,NT$690
04-04-2023,12596,NT$580
04-04-2023,12597,NT$330
04-04-2023,12598,"NT$1,620"
04-04-2023,12599,NT$960
04-04-2023,12600,NT$490
04-04-2023,12601,NT$770
04-04-2023,12602,NT$710
04-04-2023,12603,NT$660
04-04-2023,12604,"NT$1,040"
04-04-2023,12605,NT$370
04-04-2023,12606,NT$860
04-04-2023,12607,"NT$1,130"
04-04-2023,12608,NT$630
04-04-2023,12609,"NT$1,160"
04-04-2023,12610,NT$600
04-04-2023,12611,NT$990
04-04-2023,12612,NT$920
04-04-2023,12613,"NT$1,720"
04-04-2023,12614,"NT$1,440"
04-04-2023,12615,"NT$1,420"
05-04-2023,12616,"NT$1,050"
05-04-2023,12617,"NT$1,360"
05-04-2023,12618,NT$650
05-04-2023,12619,NT$680
05-04-2023,12620,NT$920
05-04-2023,12621,"NT$1,650"
05-04-2023,12622,NT$490
05-04-2023,12623,"NT$1,060"
05-04-2023,12624,NT$890
05-04-2023,12625,"NT$1,250"
05-04-2023,12626,"NT$1,540"
05-04-2023,12627,NT$640
05-04-2023,12628,NT$570
05-04-2023,12629,"NT$1,640"
05-04-2023,12630,NT$590
05-04-2023,12631,NT$580
05-04-2023,12632,NT$970
05-04-2023,12633,NT$780
05-04-2023,12634,NT$180
05-04-2023,12635,"NT$1,110"
05-04-2023,12636,"NT$1,220"
05-04-2023,12637,NT$720
05-04-2023,12638,"NT$1,540"
05-04-2023,12639,NT$620
05-04-2023,12640,NT$420
05-04-2023,12641,NT$290
05-04-2023,12642,NT$940
05-04-2023,12643,NT$710
05-04-2023,12644,NT$640
06-04-2023,12645,NT$630
06-04-2023,12646,"NT$1,020"
06-04-2023,12647,"NT$1,320"
06-04-2023,12648,NT$570
06-04-2023,12649,NT$860
06-04-2023,12650,"NT$1,140"
06-04-2023,12651,NT$700
06-04-2023,12652,NT$580
06-04-2023,12653,NT$980
06-04-2023,12654,NT$660
06-04-2023,12655,"NT$1,170"
06-04-2023,12656,NT$450
06-04-2023,12657,NT$920
06-04-2023,12658,NT$700
06-04-2023,12659,"NT$1,750"
06-04-2023,12660,NT$370
06-04-2023,12661,NT$990
06-04-2023,12662,NT$440
06-04-2023,12663,"NT$1,260"
06-04-2023,12664,NT$580
06-04-2023,12665,"NT$1,670"
06-04-2023,12666,NT$930
06-04-2023,12667,"NT$1,040"
06-04-2023,12668,"NT$1,370"
06-04-2023,12669,"NT$1,220"
06-04-2023,12670,"NT$1,070"
06-04-2023,12671,NT$380
06-04-2023,12672,NT$840
06-04-2023,12673,"NT$1,070"
07-04-2023,12674,NT$790
07-04-2023,12675,NT$750
07-04-2023,12676,NT$840
07-04-2023,12677,NT$550
07-04-2023,12678,"NT$1,030"
07-04-2023,12679,NT$590
07-04-2023,12680,NT$470
07-04-2023,12681,NT$340
07-04-2023,12682,NT$600
07-04-2023,12683,NT$890
07-04-2023,12684,NT$290
07-04-2023,12685,NT$310
07-04-2023,12686,"NT$1,740"
07-04-2023,12687,NT$770
07-04-2023,12688,NT$920
07-04-2023,12689,"NT$1,660"
07-04-2023,12690,NT$810
07-04-2023,12691,NT$390
07-04-2023,12692,NT$990
07-04-2023,12693,"NT$1,060"
07-04-2023,12694,"NT$1,360"
07-04-2023,12695,"NT$1,140"
07-04-2023,12696,"NT$1,400"
07-04-2023,12697,NT$460
07-04-2023,12698,NT$290
07-04-2023,12699,NT$490
07-04-2023,12700,"NT$1,100"
07-04-2023,12701,"NT$1,150"
07-04-2023,12702,NT$470
08-04-2023,12703,"NT$1,690"
08-04-2023,12704,"NT$1,190"
08-04-2023,12705,NT$940
08-04-2023,12706,"NT$1,160"
08-04-2023,12707,NT$810
08-04-2023,12708,NT$780
08-04-2023,12709,"NT$1,470"
08-04-2023,12710,NT$950
08-04-2023,12711,"NT$1,240"
08-04-2023,12712,NT$550
08-04-2023,12713,NT$850
08-04-2023,12714,"NT$1,090"
08-04-2023,12715,NT$290
08-04-2023,12716,NT$850
08-04-2023,12717,"NT$1,000"
08-04-2023,12718,NT$600
08-04-2023,12719,NT$320
08-04-2023,12720,NT$760
08-04-2023,12721,NT$440
08-04-2023,12722,NT$730
08-04-2023,12723,NT$960
08-04-2023,12724,"NT$1,070"
08-04-2023,12725,NT$560
08-04-2023,12726,NT$930
08-04-2023,12727,NT$160
08-04-2023,12728,"NT$1,970"
08-04-2023,12729,NT$470
08-04-2023,12730,NT$890
08-04-2023,12731,"NT$1,180"
09-04-2023,12732,NT$900
09-04-2023,12733,NT$560
09-04-2023,12734,NT$330
09-04-2023,12735,NT$470
09-04-2023,12736,NT$850
09-04-2023,12737,NT$440
09-04-2023,12738,NT$960
09-04-2023,12739,"NT$1,590"
09-04-2023,12740,"NT$1,210"
09-04-2023,12741,NT$700
09-04-2023,12742,"NT$1,160"
09-04-2023,12743,"NT$1,020"
09-04-2023,12744,NT$470
09-04-2023,12745,"NT$1,280"
09-04-2023,12746,NT$360
09-04-2023,12747,NT$720
09-04-2023,12748,NT$860
09-04-2023,12749,"NT$1,500"
09-04-2023,12750,"NT$1,130"
09-04-2023,12751,"NT$1,260"
09-04-2023,12752,"NT$1,380"
09-04-2023,12753,NT$690
09-04-2023,12754,NT$640
09-04-2023,12755,"NT$1,880"
09-04-2023,12756,NT$510
09-04-2023,12757,"NT$1,490"
09-04-2023,12758,NT$320
09-04-2023,12759,"NT$1,380"
09-04-2023,12760,"NT$1,350"
10-04-2023,12761,"NT$1,010"
10-04-2023,12762,NT$510
10-04-2023,12763,"NT$1,400"
10-04-2023,12764,NT$310
10-04-2023,12765,NT$200
10-04-2023,12766,NT$740
10-04-2023,12767,NT$510
10-04-2023,12768,NT$770
10-04-2023,12769,NT$500
10-04-2023,12770,NT$430
10-04-2023,12771,"NT$1,040"
10-04-2023,12772,NT$300
10-04-2023,12773,"NT$1,060"
10-04-2023,12774,NT$640
10-04-2023,12775,NT$450
10-04-2023,12776,"NT$1,180"
10-04-2023,12777,"NT$1,120"
10-04-2023,12778,"NT$1,690"
10-04-2023,12779,NT$580
10-04-2023,12780,"NT$1,070"
10-04-2023,12781,"NT$1,160"
10-04-2023,12782,"NT$1,470"
10-04-2023,12783,"NT$1,250"
10-04-2023,12784,"NT$1,330"
10-04-2023,12785,"NT$1,770"
10-04-2023,12786,NT$190
10-04-2023,12787,"NT$1,140"
10-04-2023,12788,NT$910
11-04-2023,12789,"NT$1,330"
11-04-2023,12790,NT$140
11-04-2023,12791,NT$960
11-04-2023,12792,"NT$1,250"
11-04-2023,12793,NT$950
11-04-2023,12794,NT$190
11-04-2023,12795,NT$400
11-04-2023,12796,"NT$1,430"
11-04-2023,12797,NT$900
11-04-2023,12798,"NT$1,460"
11-04-2023,12799,NT$480
11-04-2023,12800,"NT$1,540"
11-04-2023,12801,"NT$1,320"
11-04-2023,12802,NT$440
11-04-2023,12803,NT$390
11-04-2023,12804,NT$590
11-04-2023,12805,NT$980
11-04-2023,12806,NT$520
11-04-2023,12807,NT$770
11-04-2023,12808,NT$840
11-04-2023,12809,"NT$1,060"
11-04-2023,12810,"NT$1,460"
11-04-2023,12811,NT$510
11-04-2023,12812,NT$320
11-04-2023,12813,"NT$1,390"
11-04-2023,12814,NT$280
11-04-2023,12815,NT$330
11-04-2023,12816,NT$290
11-04-2023,12817,"NT$1,020"
12-04-2023,12818,"NT$1,230"
12-04-2023,12819,NT$590
12-04-2023,12820,NT$780
12-04-2023,12821,NT$260
12-04-2023,12822,"NT$1,090"
12-04-2023,12823,"NT$1,320"
12-04-2023,12824,"NT$1,360"
12-04-2023,12825,"NT$1,420"
12-04-2023,12826,NT$370
12-04-2023,12827,NT$660
12-04-2023,12828,NT$840
12-04-2023,12829,NT$920
12-04-2023,12830,"NT$1,180"
12-04-2023,12831,"NT$1,090"
12-04-2023,12832,"NT$1,390"
12-04-2023,12833,NT$630
12-04-2023,12834,NT$440
12-04-2023,12835,"NT$1,170"
12-04-2023,12836,"NT$1,410"
12-04-2023,12837,NT$470
12-04-2023,12838,"NT$1,140"
12-04-2023,12839,NT$290
12-04-2023,12840,NT$680
12-04-2023,12841,NT$930
12-04-2023,12842,NT$940
12-04-2023,12843,NT$720
12-04-2023,12844,NT$960
12-04-2023,12845,NT$410
12-04-2023,12846,NT$510
13-04-2023,12847,NT$830
13-04-2023,12848,"NT$1,510"
13-04-2023,12849,"NT$1,210"
13-04-2023,12850,"NT$1,140"
13-04-2023,12851,NT$870
13-04-2023,12852,"NT$1,540"
13-04-2023,12853,"NT$1,040"
13-04-2023,12854,NT$660
13-04-2023,12855,"NT$1,120"
13-04-2023,12856,"NT$1,710"
13-04-2023,12857,"NT$1,060"
13-04-2023,12858,NT$360
13-04-2023,12859,"NT$1,070"
13-04-2023,12860,NT$950
13-04-2023,12861,NT$520
13-04-2023,12862,NT$950
13-04-2023,12863,"NT$1,110"
13-04-2023,12864,"NT$1,630"
13-04-2023,12865,"NT$1,250"
13-04-2023,12866,NT$610
13-04-2023,12867,"NT$1,630"
13-04-2023,12868,NT$140
13-04-2023,12869,NT$750
13-04-2023,12870,NT$940
13-04-2023,12871,NT$620
13-04-2023,12872,NT$780
13-04-2023,12873,"NT$1,350"
13-04-2023,12874,"NT$1,760"
13-04-2023,12875,NT$480
14-04-2023,12876,NT$670
14-04-2023,12877,NT$560
14-04-2023,12878,"NT$1,000"
14-04-2023,12879,NT$610
14-04-2023,12880,"NT$1,260"
14-04-2023,12881,NT$740
14-04-2023,12882,"NT$1,160"
14-04-2023,12883,NT$680
14-04-2023,12884,NT$950
14-04-2023,12885,"NT$1,300"
14-04-2023,12886,NT$390
14-04-2023,12887,NT$380
14-04-2023,12888,"NT$1,360"
14-04-2023,12889,NT$730
14-04-2023,12890,NT$360
14-04-2023,12891,NT$160
14-04-2023,12892,"NT$1,290"
14-04-2023,12893,NT$750
14-04-2023,12894,NT$170
14-04-2023,12895,NT$920
14-04-2023,12896,"NT$1,260"
14-04-2023,12897,"NT$1,230"
14-04-2023,12898,"NT$1,250"
14-04-2023,12899,"NT$1,620"
14-04-2023,12900,"NT$1,030"
14-04-2023,12901,"NT$1,390"
14-04-2023,12902,"NT$1,110"
14-04-2023,12903,NT$840
14-04-2023,12904,NT$700
15-04-2023,12905,NT$590
15-04-2023,12906,NT$260
15-04-2023,12907,NT$590
15-04-2023,12908,"NT$1,900"
15-04-2023,12909,NT$510
15-04-2023,12910,NT$600
15-04-2023,12911,"NT$1,750"
15-04-2023,12912,NT$320
15-04-2023,12913,"NT$1,260"
15-04-2023,12914,NT$930
15-04-2023,12915,NT$590
15-04-2023,12916,NT$580
15-04-2023,12917,NT$700
15-04-2023,12918,"NT$1,240"
15-04-2023,12919,NT$830
15-04-2023,12920,"NT$1,150"
15-04-2023,12921,"NT$1,050"
15-04-2023,12922,NT$500
15-04-2023,12923,"NT$1,300"
15-04-2023,12924,NT$740
15-04-2023,12925,NT$950
15-04-2023,12926,NT$750
15-04-2023,12927,"NT$1,120"
15-04-2023,12928,"NT$1,420"
15-04-2023,12929,"NT$1,110"
15-04-2023,12930,"NT$1,160"
15-04-2023,12931,"NT$1,130"
15-04-2023,12932,"NT$1,180"
15-04-2023,12933,NT$330
16-04-2023,12934,"NT$1,520"
16-04-2023,12935,NT$880
16-04-2023,12936,"NT$1,220"
16-04-2023,12937,NT$670
16-04-2023,12938,"NT$1,650"
16-04-2023,12939,"NT$1,590"
16-04-2023,12940,"NT$1,610"
16-04-2023,12941,NT$590
16-04-2023,12942,NT$480
16-04-2023,12943,NT$510
16-04-2023,12944,NT$610
16-04-2023,12945,NT$700
16-04-2023,12946,"NT$1,230"
16-04-2023,12947,NT$450
16-04-2023,12948,NT$870
16-04-2023,12949,"NT$1,490"
16-04-2023,12950,NT$880
16-04-2023,12951,"NT$1,210"
16-04-2023,12952,"NT$1,370"
16-04-2023,12953,NT$390
16-04-2023,12954,NT$470
16-04-2023,12955,"NT$1,170"
16-04-2023,12956,"NT$1,640"
16-04-2023,12957,"NT$1,150"
16-04-2023,12958,"NT$1,620"
16-04-2023,12959,NT$200
16-04-2023,12960,NT$590
16-04-2023,12961,"NT$1,170"
16-04-2023,12962,NT$590
17-04-2023,12963,"NT$1,390"
17-04-2023,12964,NT$880
17-04-2023,12965,NT$340
17-04-2023,12966,NT$840
17-04-2023,12967,NT$930
17-04-2023,12968,"NT$1,170"
17-04-2023,12969,"NT$1,050"
17-04-2023,12970,"NT$1,420"
17-04-2023,12971,"NT$1,620"
17-04-2023,12972,NT$910
17-04-2023,12973,NT$880
17-04-2023,12974,NT$810
17-04-2023,12975,"NT$1,290"
17-04-2023,12976,"NT$1,340"
17-04-2023,12977,NT$320
17-04-2023,12978,NT$390
17-04-2023,12979,"NT$1,970"
17-04-2023,12980,"NT$1,310"
17-04-2023,12981,NT$290
17-04-2023,12982,NT$770
17-04-2023,12983,"NT$1,320"
17-04-2023,12984,"NT$1,560"
17-04-2023,12985,NT$440
17-04-2023,12986,NT$540
17-04-2023,12987,"NT$1,200"
17-04-2023,12988,"NT$1,340"
17-04-2023,12989,"NT$1,220"
17-04-2023,12990,NT$960
17-04-2023,12991,NT$980
18-04-2023,12992,NT$540
18-04-2023,12993,NT$390
18-04-2023,12994,NT$730
18-04-2023,12995,NT$580
18-04-2023,12996,NT$330
18-04-2023,12997,NT$410
18-04-2023,12998,NT$760
18-04-2023,12999,"NT$1,130"
18-04-2023,13000,NT$450
18-04-2023,13001,NT$920
18-04-2023,13002,NT$660
18-04-2023,13003,NT$560
18-04-2023,13004,NT$520
18-04-2023,13005,"NT$1,130"
18-04-2023,13006,"NT$1,000"
18-04-2023,13007,"NT$1,670"
18-04-2023,13008,"NT$1,530"
18-04-2023,13009,"NT$1,270"
18-04-2023,13010,NT$870
18-04-2023,13011,NT$900
18-04-2023,13012,NT$910
18-04-2023,13013,NT$580
18-04-2023,13014,"NT$1,220"
18-04-2023,13015,"NT$1,020"
18-04-2023,13016,"NT$1,130"
18-04-2023,13017,"NT$1,260"
18-04-2023,13018,"NT$1,490"
18-04-2023,13019,"NT$1,110"
18-04-2023,13020,NT$770
19-04-2023,13021,NT$690
19-04-2023,13022,NT$810
19-04-2023,13023,NT$720
19-04-2023,13024,NT$640
19-04-2023,13025,NT$410
19-04-2023,13026,"NT$1,040"
19-04-2023,13027,"NT$1,260"
19-04-2023,13028,"NT$1,580"
19-04-2023,13029,NT$720
19-04-2023,13030,NT$390
19-04-2023,13031,"NT$1,080"
19-04-2023,13032,NT$870
19-04-2023,13033,NT$310
19-04-2023,13034,NT$180
19-04-2023,13035,NT$460
19-04-2023,13036,NT$580
19-04-2023,13037,"NT$1,330"
19-04-2023,13038,"NT$1,420"
19-04-2023,13039,NT$820
19-04-2023,13040,NT$680
19-04-2023,13041,"NT$1,570"
19-04-2023,13042,"NT$1,270"
19-04-2023,13043,"NT$1,280"
19-04-2023,13044,"NT$1,100"
19-04-2023,13045,NT$730
19-04-2023,13046,NT$170
19-04-2023,13047,NT$990
19-04-2023,13048,NT$510
20-04-2023,13049,"NT$1,230"
20-04-2023,13050,NT$610
20-04-2023,13051,NT$930
20-04-2023,13052,NT$590
20-04-2023,13053,"NT$1,350"
20-04-2023,13054,NT$650
20-04-2023,13055,NT$920
20-04-2023,13056,NT$900
20-04-2023,13057,NT$450
20-04-2023,13058,"NT$1,160"
20-04-2023,13059,NT$560
20-04-2023,13060,"NT$1,120"
20-04-2023,13061,NT$750
20-04-2023,13062,NT$760
20-04-2023,13063,NT$880
20-04-2023,13064,"NT$1,370"
20-04-2023,13065,NT$530
20-04-2023,13066,"NT$1,250"
20-04-2023,13067,NT$300
20-04-2023,13068,NT$910
20-04-2023,13069,"NT$1,530"
20-04-2023,13070,"NT$1,050"
20-04-2023,13071,NT$570
20-04-2023,13072,"NT$1,080"
20-04-2023,13073,NT$490
20-04-2023,13074,"NT$1,680"
20-04-2023,13075,"NT$1,550"
20-04-2023,13076,"NT$1,190"
20-04-2023,13077,NT$950
21-04-2023,13078,NT$940
21-04-2023,13079,"NT$1,230"
21-04-2023,13080,"NT$1,020"
21-04-2023,13081,NT$580
21-04-2023,13082,"NT$1,700"
21-04-2023,13083,NT$590
21-04-2023,13084,"NT$1,000"
21-04-2023,13085,NT$290
21-04-2023,13086,"NT$1,190"
21-04-2023,13087,"NT$1,460"
21-04-2023,13088,"NT$1,170"
21-04-2023,13089,"NT$1,430"
21-04-2023,13090,NT$550
21-04-2023,13091,NT$830
21-04-2023,13092,NT$880
21-04-2023,13093,"NT$1,110"
21-04-2023,13094,NT$510
21-04-2023,13095,"NT$1,840"
21-04-2023,13096,NT$470
21-04-2023,13097,NT$890
21-04-2023,13098,"NT$1,270"
21-04-2023,13099,NT$930
21-04-2023,13100,NT$410
21-04-2023,13101,"NT$1,190"
21-04-2023,13102,NT$470
21-04-2023,13103,NT$740
21-04-2023,13104,NT$460
21-04-2023,13105,"NT$1,170"
21-04-2023,13106,"NT$1,130"
22-04-2023,13107,NT$470
22-04-2023,13108,"NT$1,300"
22-04-2023,13109,NT$610
22-04-2023,13110,"NT$1,010"
22-04-2023,13111,NT$560
22-04-2023,13112,"NT$1,570"
22-04-2023,13113,NT$760
22-04-2023,13114,NT$490
22-04-2023,13115,"NT$1,170"
22-04-2023,13116,NT$600
22-04-2023,13117,NT$290
22-04-2023,13118,NT$170
22-04-2023,13119,"NT$1,200"
22-04-2023,13120,NT$920
22-04-2023,13121,"NT$1,210"
22-04-2023,13122,NT$590
22-04-2023,13123,NT$190
22-04-2023,13124,NT$880
22-04-2023,13125,"NT$1,020"
22-04-2023,13126,NT$410
22-04-2023,13127,"NT$1,610"
22-04-2023,13128,NT$550
22-04-2023,13129,"NT$1,050"
22-04-2023,13130,NT$570
22-04-2023,13131,"NT$1,450"
22-04-2023,13132,NT$530
22-04-2023,13133,NT$610
22-04-2023,13134,NT$560
22-04-2023,13135,NT$780
23-04-2023,13136,"NT$1,320"
23-04-2023,13137,"NT$1,590"
23-04-2023,13138,NT$520
23-04-2023,13139,NT$260
23-04-2023,13140,NT$740
23-04-2023,13141,"NT$1,350"
23-04-2023,13142,NT$410
23-04-2023,13143,NT$950
23-04-2023,13144,"NT$1,200"
23-04-2023,13145,NT$520
23-04-2023,13146,NT$990
23-04-2023,13147,NT$780
23-04-2023,13148,"NT$1,600"
23-04-2023,13149,NT$730
23-04-2023,13150,NT$530
23-04-2023,13151,NT$730
23-04-2023,13152,NT$900
23-04-2023,13153,NT$840
23-04-2023,13154,NT$890
23-04-2023,13155,NT$590
23-04-2023,13156,NT$560
23-04-2023,13157,NT$650
23-04-2023,13158,"NT$1,220"
23-04-2023,13159,"NT$1,970"
23-04-2023,13160,NT$600
23-04-2023,13161,NT$840
23-04-2023,13162,NT$810
23-04-2023,13163,"NT$2,000"
23-04-2023,13164,"NT$1,350"
24-04-2023,13165,NT$820
24-04-2023,13166,NT$990
24-04-2023,13167,NT$980
24-04-2023,13168,"NT$1,000"
24-04-2023,13169,NT$490
24-04-2023,13170,NT$730
24-04-2023,13171,"NT$1,640"
24-04-2023,13172,NT$510
24-04-2023,13173,"NT$1,360"
24-04-2023,13174,"NT$1,410"
24-04-2023,13175,NT$840
24-04-2023,13176,NT$520
24-04-2023,13177,NT$430
24-04-2023,13178,"NT$1,350"
24-04-2023,13179,"NT$1,320"
24-04-2023,13180,"NT$1,590"
24-04-2023,13181,NT$720
24-04-2023,13182,"NT$1,010"
24-04-2023,13183,"NT$1,310"
24-04-2023,13184,"NT$1,280"
24-04-2023,13185,NT$880
24-04-2023,13186,NT$230
24-04-2023,13187,"NT$1,370"
24-04-2023,13188,"NT$1,600"
24-04-2023,13189,NT$510
24-04-2023,13190,NT$660
24-04-2023,13191,NT$880
24-04-2023,13192,NT$680
24-04-2023,13193,NT$500
25-04-2023,13194,"NT$1,040"
25-04-2023,13195,NT$620
25-04-2023,13196,NT$940
25-04-2023,13197,"NT$1,370"
25-04-2023,13198,NT$720
25-04-2023,13199,NT$280
25-04-2023,13200,"NT$1,660"
25-04-2023,13201,"NT$1,500"
25-04-2023,13202,"NT$1,210"
25-04-2023,13203,NT$460
25-04-2023,13204,"NT$1,110"
25-04-2023,13205,NT$500
25-04-2023,13206,NT$360
25-04-2023,13207,NT$780
25-04-2023,13208,NT$400
25-04-2023,13209,NT$360
25-04-2023,13210,NT$940
25-04-2023,13211,"NT$1,120"
25-04-2023,13212,NT$680
25-04-2023,13213,"NT$1,080"
25-04-2023,13214,"NT$1,660"
25-04-2023,13215,NT$770
25-04-2023,13216,"NT$1,030"
25-04-2023,13217,"NT$1,200"
25-04-2023,13218,NT$380
25-04-2023,13219,NT$540
25-04-2023,13220,NT$350
25-04-2023,13221,"NT$1,050"
25-04-2023,13222,NT$860
26-04-2023,13223,"NT$1,520"
26-04-2023,13224,"NT$1,500"
26-04-2023,13225,NT$730
26-04-2023,13226,NT$820
26-04-2023,13227,NT$410
26-04-2023,13228,NT$790
26-04-2023,13229,NT$340
26-04-2023,13230,NT$340
26-04-2023,13231,NT$640
26-04-2023,13232,"NT$1,060"
26-04-2023,13233,"NT$1,620"
26-04-2023,13234,"NT$1,170"
26-04-2023,13235,"NT$1,270"
26-04-2023,13236,NT$720
26-04-2023,13237,NT$650
26-04-2023,13238,NT$460
26-04-2023,13239,NT$940
26-04-2023,13240,NT$860
26-04-2023,13241,NT$830
26-04-2023,13242,NT$760
26-04-2023,13243,"NT$1,410"
26-04-2023,13244,"NT$1,310"
26-04-2023,13245,NT$570
26-04-2023,13246,"NT$1,200"
26-04-2023,13247,NT$510
26-04-2023,13248,NT$450
26-04-2023,13249,NT$320
26-04-2023,13250,"NT$1,060"
26-04-2023,13251,"NT$1,360"
27-04-2023,13252,"NT$1,470"
27-04-2023,13253,"NT$1,060"
27-04-2023,13254,NT$910
27-04-2023,13255,NT$560
27-04-2023,13256,NT$660
27-04-2023,13257,"NT$1,500"
27-04-2023,13258,NT$430
27-04-2023,13259,"NT$1,450"
27-04-2023,13260,"NT$1,140"
27-04-2023,13261,"NT$1,190"
27-04-2023,13262,NT$700
27-04-2023,13263,"NT$1,080"
27-04-2023,13264,NT$180
27-04-2023,13265,"NT$1,100"
27-04-2023,13266,NT$890
27-04-2023,13267,"NT$1,250"
27-04-2023,13268,"NT$1,170"
27-04-2023,13269,"NT$1,290"
27-04-2023,13270,NT$760
27-04-2023,13271,NT$870
27-04-2023,13272,"NT$1,150"
27-04-2023,13273,NT$360
27-04-2023,13274,"NT$1,480"
27-04-2023,13275,NT$360
27-04-2023,13276,"NT$1,440"
27-04-2023,13277,NT$660
27-04-2023,13278,"NT$1,080"
27-04-2023,13279,"NT$1,430"
27-04-2023,13280,"NT$1,760"
28-04-2023,13281,NT$530
28-04-2023,13282,"NT$1,230"
28-04-2023,13283,NT$490
28-04-2023,13284,NT$630
28-04-2023,13285,NT$340
28-04-2023,13286,NT$420
28-04-2023,13287,NT$890
28-04-2023,13288,NT$230
28-04-2023,13289,NT$510
28-04-2023,13290,"NT$1,070"
28-04-2023,13291,NT$730
28-04-2023,13292,"NT$1,070"
28-04-2023,13293,NT$750
28-04-2023,13294,"NT$1,190"
28-04-2023,13295,NT$870
28-04-2023,13296,"NT$1,250"
28-04-2023,13297,NT$790
28-04-2023,13298,NT$580
28-04-2023,13299,"NT$1,820"
28-04-2023,13300,NT$940
28-04-2023,13301,"NT$1,390"
28-04-2023,13302,NT$460
28-04-2023,13303,"NT$1,250"
28-04-2023,13304,"NT$1,440"
28-04-2023,13305,"NT$1,020"
28-04-2023,13306,"NT$1,280"
28-04-2023,13307,NT$440
28-04-2023,13308,NT$860
29-04-2023,13309,NT$190
29-04-2023,13310,NT$470
29-04-2023,13311,"NT$1,010"
29-04-2023,13312,"NT$1,270"
29-04-2023,13313,"NT$1,060"
29-04-2023,13314,NT$450
29-04-2023,13315,"NT$1,190"
29-04-2023,13316,NT$330
29-04-2023,13317,"NT$1,600"
29-04-2023,13318,"NT$1,300"
29-04-2023,13319,NT$730
29-04-2023,13320,NT$700
29-04-2023,13321,NT$480
29-04-2023,13322,"NT$1,290"
29-04-2023,13323,NT$750
29-04-2023,13324,NT$810
29-04-2023,13325,"NT$1,000"
29-04-2023,13326,"NT$1,070"
29-04-2023,13327,"NT$1,100"
29-04-2023,13328,"NT$1,570"
29-04-2023,13329,NT$520
29-04-2023,13330,"NT$1,140"
29-04-2023,13331,"NT$1,420"
29-04-2023,13332,"NT$1,010"
29-04-2023,13333,NT$970
29-04-2023,13334,NT$460
29-04-2023,13335,NT$860
29-04-2023,13336,NT$900
29-04-2023,13337,NT$320
30-04-2023,13338,NT$180
30-04-2023,13339,NT$830
30-04-2023,13340,NT$500
30-04-2023,13341,"NT$1,180"
30-04-2023,13342,NT$970
30-04-2023,13343,"NT$1,100"
30-04-2023,13344,"NT$1,450"
30-04-2023,13345,NT$840
30-04-2023,13346,"NT$1,160"
30-04-2023,13347,NT$840
30-04-2023,13348,"NT$1,500"
30-04-2023,13349,NT$490
30-04-2023,13350,"NT$1,190"
30-04-2023,13351,NT$810
30-04-2023,13352,"NT$1,040"
30-04-2023,13353,NT$990
30-04-2023,13354,NT$240
30-04-2023,13355,"NT$1,470"
30-04-2023,13356,NT$600
30-04-2023,13357,NT$290
30-04-2023,13358,NT$950
30-04-2023,13359,NT$190
30-04-2023,13360,"NT$1,270"
30-04-2023,13361,NT$970
30-04-2023,13362,"NT$1,040"
30-04-2023,13363,"NT$1,480"
30-04-2023,13364,"NT$1,530"
30-04-2023,13365,NT$160
30-04-2023,13366,"NT$1,080"
01-05-2023,13367,NT$700
01-05-2023,13368,NT$350
01-05-2023,13369,"NT$1,440"
01-05-2023,13370,"NT$1,890"
01-05-2023,13371,"NT$1,040"
01-05-2023,13372,"NT$1,130"
01-05-2023,13373,NT$790
01-05-2023,13374,NT$330
01-05-2023,13375,"NT$1,210"
01-05-2023,13376,NT$710
01-05-2023,13377,NT$550
01-05-2023,13378,"NT$1,690"
01-05-2023,13379,"NT$1,180"
01-05-2023,13380,"NT$1,240"
01-05-2023,13381,"NT$1,300"
01-05-2023,13382,"NT$1,090"
01-05-2023,13383,NT$400
01-05-2023,13384,NT$890
01-05-2023,13385,"NT$1,000"
01-05-2023,13386,"NT$1,910"
01-05-2023,13387,"NT$1,710"
01-05-2023,13388,NT$920
01-05-2023,13389,"NT$1,840"
01-05-2023,13390,NT$470
01-05-2023,13391,NT$560
01-05-2023,13392,"NT$1,140"
01-05-2023,13393,"NT$1,290"
01-05-2023,13394,NT$880
01-05-2023,13395,NT$810
02-05-2023,13396,"NT$1,190"
02-05-2023,13397,NT$170
02-05-2023,13398,"NT$1,290"
02-05-2023,13399,NT$420
02-05-2023,13400,"NT$1,350"
02-05-2023,13401,NT$570
02-05-2023,13402,NT$350
02-05-2023,13403,"NT$1,080"
02-05-2023,13404,NT$960
02-05-2023,13405,NT$440
02-05-2023,13406,"NT$1,540"
02-05-2023,13407,"NT$1,270"
02-05-2023,13408,"NT$1,770"
02-05-2023,13409,"NT$1,140"
02-05-2023,13410,NT$640
02-05-2023,13411,"NT$1,030"
02-05-2023,13412,NT$940
02-05-2023,13413,"NT$1,150"
02-05-2023,13414,"NT$1,650"
02-05-2023,13415,NT$380
02-05-2023,13416,"NT$1,330"
02-05-2023,13417,"NT$1,430"
02-05-2023,13418,NT$890
02-05-2023,13419,"NT$1,470"
02-05-2023,13420,"NT$1,460"
02-05-2023,13421,NT$760
02-05-2023,13422,"NT$1,070"
02-05-2023,13423,NT$600
02-05-2023,13424,"NT$1,260"
03-05-2023,13425,NT$440
03-05-2023,13426,NT$290
03-05-2023,13427,"NT$1,160"
03-05-2023,13428,"NT$1,350"
03-05-2023,13429,NT$320
03-05-2023,13430,NT$630
03-05-2023,13431,NT$430
03-05-2023,13432,NT$420
03-05-2023,13433,"NT$1,170"
03-05-2023,13434,"NT$1,000"
03-05-2023,13435,"NT$1,420"
03-05-2023,13436,NT$510
03-05-2023,13437,NT$510
03-05-2023,13438,"NT$1,140"
03-05-2023,13439,NT$510
03-05-2023,13440,"NT$1,210"
03-05-2023,13441,NT$660
03-05-2023,13442,NT$700
03-05-2023,13443,NT$200
03-05-2023,13444,NT$750
03-05-2023,13445,NT$710
03-05-2023,13446,"NT$1,130"
03-05-2023,13447,NT$410
03-05-2023,13448,"NT$1,280"
03-05-2023,13449,NT$330
03-05-2023,13450,"NT$1,640"
03-05-2023,13451,NT$740
03-05-2023,13452,NT$630
03-05-2023,13453,NT$900
04-05-2023,13454,"NT$1,400"
04-05-2023,13455,NT$290
04-05-2023,13456,"NT$1,370"
04-05-2023,13457,NT$740
04-05-2023,13458,NT$590
04-05-2023,13459,NT$710
04-05-2023,13460,NT$540
04-05-2023,13461,NT$450
04-05-2023,13462,"NT$1,220"
04-05-2023,13463,NT$690
04-05-2023,13464,"NT$1,200"
04-05-2023,13465,NT$960
04-05-2023,13466,"NT$1,110"
04-05-2023,13467,NT$440
04-05-2023,13468,"NT$1,190"
04-05-2023,13469,NT$770
04-05-2023,13470,"NT$1,210"
04-05-2023,13471,NT$710
04-05-2023,13472,NT$890
04-05-2023,13473,NT$750
04-05-2023,13474,NT$330
04-05-2023,13475,NT$580
04-05-2023,13476,NT$900
04-05-2023,13477,"NT$1,380"
04-05-2023,13478,NT$310
04-05-2023,13479,NT$370
04-05-2023,13480,"NT$1,300"
04-05-2023,13481,NT$490
04-05-2023,13482,"NT$1,300"
05-05-2023,13483,"NT$1,000"
05-05-2023,13484,NT$620
05-05-2023,13485,NT$320
05-05-2023,13486,NT$290
05-05-2023,13487,NT$730
05-05-2023,13488,NT$620
05-05-2023,13489,"NT$1,140"
05-05-2023,13490,NT$670
05-05-2023,13491,"NT$1,250"
05-05-2023,13492,"NT$1,170"
05-05-2023,13493,NT$820
05-05-2023,13494,NT$800
05-05-2023,13495,"NT$1,430"
05-05-2023,13496,"NT$1,130"
05-05-2023,13497,"NT$1,180"
05-05-2023,13498,NT$680
05-05-2023,13499,NT$890
05-05-2023,13500,"NT$1,620"
05-05-2023,13501,NT$860
05-05-2023,13502,NT$260
05-05-2023,13503,"NT$1,620"
05-05-2023,13504,NT$870
05-05-2023,13505,NT$730
05-05-2023,13506,"NT$1,010"
05-05-2023,13507,NT$870
05-05-2023,13508,"NT$1,720"
05-05-2023,13509,NT$660
05-05-2023,13510,NT$260
05-05-2023,13511,NT$600
06-05-2023,13512,"NT$1,170"
06-05-2023,13513,"NT$1,080"
06-05-2023,13514,NT$960
06-05-2023,13515,NT$540
06-05-2023,13516,NT$540
06-05-2023,13517,NT$960
06-05-2023,13518,NT$710
06-05-2023,13519,NT$930
06-05-2023,13520,NT$430
06-05-2023,13521,NT$870
06-05-2023,13522,"NT$1,050"
06-05-2023,13523,NT$580
06-05-2023,13524,NT$850
06-05-2023,13525,NT$580
06-05-2023,13526,NT$510
06-05-2023,13527,NT$630
06-05-2023,13528,NT$600
06-05-2023,13529,NT$510
06-05-2023,13530,"NT$1,200"
06-05-2023,13531,NT$770
06-05-2023,13532,NT$760
06-05-2023,13533,"NT$1,060"
06-05-2023,13534,NT$930
06-05-2023,13535,NT$880
06-05-2023,13536,NT$190
06-05-2023,13537,"NT$1,090"
06-05-2023,13538,"NT$1,230"
06-05-2023,13539,"NT$1,070"
06-05-2023,13540,NT$310
07-05-2023,13541,NT$350
07-05-2023,13542,NT$480
07-05-2023,13543,NT$980
07-05-2023,13544,NT$460
07-05-2023,13545,NT$370
07-05-2023,13546,"NT$1,300"
07-05-2023,13547,NT$530
07-05-2023,13548,NT$610
07-05-2023,13549,NT$990
07-05-2023,13550,NT$480
07-05-2023,13551,NT$460
07-05-2023,13552,NT$880
07-05-2023,13553,NT$470
07-05-2023,13554,NT$970
07-05-2023,13555,NT$550
07-05-2023,13556,NT$680
07-05-2023,13557,"NT$1,230"
07-05-2023,13558,NT$990
07-05-2023,13559,NT$820
07-05-2023,13560,NT$940
07-05-2023,13561,"NT$1,370"
07-05-2023,13562,NT$590
07-05-2023,13563,"NT$1,250"
07-05-2023,13564,NT$540
07-05-2023,13565,"NT$1,650"
07-05-2023,13566,"NT$1,020"
07-05-2023,13567,NT$970
07-05-2023,13568,"NT$1,990"
08-05-2023,13569,"NT$1,380"
08-05-2023,13570,"NT$1,040"
08-05-2023,13571,NT$530
08-05-2023,13572,NT$190
08-05-2023,13573,NT$590
08-05-2023,13574,"NT$1,150"
08-05-2023,13575,NT$840
08-05-2023,13576,NT$350
08-05-2023,13577,"NT$1,140"
08-05-2023,13578,NT$320
08-05-2023,13579,"NT$1,330"
08-05-2023,13580,"NT$1,460"
08-05-2023,13581,"NT$1,640"
08-05-2023,13582,NT$590
08-05-2023,13583,NT$480
08-05-2023,13584,NT$690
08-05-2023,13585,NT$610
08-05-2023,13586,NT$620
08-05-2023,13587,NT$900
08-05-2023,13588,"NT$1,240"
08-05-2023,13589,NT$360
08-05-2023,13590,"NT$1,170"
08-05-2023,13591,NT$640
08-05-2023,13592,NT$730
08-05-2023,13593,NT$730
08-05-2023,13594,NT$850
08-05-2023,13595,NT$580
08-05-2023,13596,"NT$1,110"
08-05-2023,13597,NT$810
09-05-2023,13598,NT$540
09-05-2023,13599,NT$430
09-05-2023,13600,NT$710
09-05-2023,13601,NT$800
09-05-2023,13602,NT$470
09-05-2023,13603,NT$590
09-05-2023,13604,NT$960
09-05-2023,13605,"NT$1,180"
09-05-2023,13606,NT$730
09-05-2023,13607,"NT$1,930"
09-05-2023,13608,"NT$1,470"
09-05-2023,13609,"NT$1,780"
09-05-2023,13610,NT$530
09-05-2023,13611,"NT$1,350"
09-05-2023,13612,"NT$1,100"
09-05-2023,13613,NT$440
09-05-2023,13614,NT$820
09-05-2023,13615,"NT$1,130"
09-05-2023,13616,NT$940
09-05-2023,13617,"NT$1,100"
09-05-2023,13618,"NT$1,510"
09-05-2023,13619,"NT$1,770"
09-05-2023,13620,"NT$1,190"
09-05-2023,13621,"NT$1,400"
09-05-2023,13622,NT$780
09-05-2023,13623,NT$300
09-05-2023,13624,NT$500
09-05-2023,13625,"NT$1,980"
09-05-2023,13626,NT$800
10-05-2023,13627,"NT$1,320"
10-05-2023,13628,"NT$1,350"
10-05-2023,13629,"NT$1,770"
10-05-2023,13630,NT$950
10-05-2023,13631,"NT$1,380"
10-05-2023,13632,"NT$1,240"
10-05-2023,13633,NT$810
10-05-2023,13634,NT$830
10-05-2023,13635,"NT$1,120"
10-05-2023,13636,NT$440
10-05-2023,13637,"NT$1,420"
10-05-2023,13638,"NT$1,370"
10-05-2023,13639,NT$350
10-05-2023,13640,"NT$1,540"
10-05-2023,13641,"NT$1,290"
10-05-2023,13642,"NT$1,280"
10-05-2023,13643,NT$720
10-05-2023,13644,NT$340
10-05-2023,13645,NT$960
10-05-2023,13646,"NT$1,710"
10-05-2023,13647,NT$610
10-05-2023,13648,NT$450
10-05-2023,13649,NT$710
10-05-2023,13650,NT$910
10-05-2023,13651,"NT$1,180"
10-05-2023,13652,"NT$1,490"
10-05-2023,13653,NT$970
10-05-2023,13654,NT$200
10-05-2023,13655,"NT$1,260"
11-05-2023,13656,NT$290
11-05-2023,13657,"NT$1,090"
11-05-2023,13658,NT$510
11-05-2023,13659,NT$740
11-05-2023,13660,NT$680
11-05-2023,13661,NT$610
11-05-2023,13662,NT$440
11-05-2023,13663,NT$590
11-05-2023,13664,NT$320
11-05-2023,13665,"NT$1,040"
11-05-2023,13666,NT$600
11-05-2023,13667,"NT$1,290"
11-05-2023,13668,"NT$1,360"
11-05-2023,13669,NT$770
11-05-2023,13670,"NT$1,090"
11-05-2023,13671,NT$550
11-05-2023,13672,"NT$1,100"
11-05-2023,13673,NT$590
11-05-2023,13674,"NT$1,330"
11-05-2023,13675,NT$260
11-05-2023,13676,NT$520
11-05-2023,13677,"NT$1,420"
11-05-2023,13678,NT$660
11-05-2023,13679,"NT$1,110"
11-05-2023,13680,NT$470
11-05-2023,13681,NT$780
11-05-2023,13682,NT$580
11-05-2023,13683,NT$810
11-05-2023,13684,NT$810
12-05-2023,13685,"NT$1,280"
12-05-2023,13686,"NT$1,190"
12-05-2023,13687,"NT$1,560"
12-05-2023,13688,NT$500
12-05-2023,13689,NT$770
12-05-2023,13690,"NT$1,380"
12-05-2023,13691,"NT$1,440"
12-05-2023,13692,NT$560
12-05-2023,13693,"NT$1,190"
12-05-2023,13694,NT$560
12-05-2023,13695,NT$600
12-05-2023,13696,NT$410
12-05-2023,13697,"NT$1,460"
12-05-2023,13698,"NT$1,660"
12-05-2023,13699,NT$780
12-05-2023,13700,NT$630
12-05-2023,13701,NT$460
12-05-2023,13702,"NT$1,200"
12-05-2023,13703,NT$950
12-05-2023,13704,"NT$1,300"
12-05-2023,13705,NT$650
12-05-2023,13706,"NT$1,040"
12-05-2023,13707,"NT$1,140"
12-05-2023,13708,"NT$1,110"
12-05-2023,13709,"NT$1,150"
12-05-2023,13710,"NT$1,550"
12-05-2023,13711,"NT$1,130"
12-05-2023,13712,"NT$1,620"
12-05-2023,13713,NT$480
13-05-2023,13714,NT$630
13-05-2023,13715,"NT$1,010"
13-05-2023,13716,NT$820
13-05-2023,13717,NT$780
13-05-2023,13718,"NT$1,100"
13-05-2023,13719,"NT$1,110"
13-05-2023,13720,NT$160
13-05-2023,13721,"NT$1,810"
13-05-2023,13722,NT$720
13-05-2023,13723,"NT$1,090"
13-05-2023,13724,NT$760
13-05-2023,13725,"NT$1,360"
13-05-2023,13726,"NT$1,090"
13-05-2023,13727,NT$900
13-05-2023,13728,NT$770
13-05-2023,13729,NT$740
13-05-2023,13730,NT$460
13-05-2023,13731,NT$530
13-05-2023,13732,"NT$1,220"
13-05-2023,13733,"NT$1,480"
13-05-2023,13734,"NT$1,100"
13-05-2023,13735,NT$920
13-05-2023,13736,NT$490
13-05-2023,13737,NT$390
13-05-2023,13738,NT$750
13-05-2023,13739,"NT$1,170"
13-05-2023,13740,"NT$1,570"
13-05-2023,13741,NT$630
13-05-2023,13742,NT$980
14-05-2023,13743,NT$480
14-05-2023,13744,NT$880
14-05-2023,13745,NT$430
14-05-2023,13746,NT$710
14-05-2023,13747,NT$750
14-05-2023,13748,"NT$1,290"
14-05-2023,13749,"NT$1,750"
14-05-2023,13750,NT$200
14-05-2023,13751,NT$790
14-05-2023,13752,"NT$1,090"
14-05-2023,13753,NT$610
14-05-2023,13754,"NT$1,260"
14-05-2023,13755,NT$780
14-05-2023,13756,"NT$1,700"
14-05-2023,13757,NT$470
14-05-2023,13758,"NT$1,590"
14-05-2023,13759,NT$870
14-05-2023,13760,NT$970
14-05-2023,13761,NT$950
14-05-2023,13762,NT$680
14-05-2023,13763,NT$760
14-05-2023,13764,"NT$1,280"
14-05-2023,13765,NT$670
14-05-2023,13766,NT$440
14-05-2023,13767,NT$320
14-05-2023,13768,NT$700
14-05-2023,13769,NT$650
14-05-2023,13770,NT$440
14-05-2023,13771,"NT$1,140"
15-05-2023,13772,NT$160
15-05-2023,13773,NT$970
15-05-2023,13774,"NT$1,090"
15-05-2023,13775,NT$880
15-05-2023,13776,"NT$1,390"
15-05-2023,13777,NT$720
15-05-2023,13778,"NT$1,110"
15-05-2023,13779,"NT$1,110"
15-05-2023,13780,NT$260
15-05-2023,13781,NT$610
15-05-2023,13782,NT$500
15-05-2023,13783,"NT$1,590"
15-05-2023,13784,NT$570
15-05-2023,13785,NT$690
15-05-2023,13786,"NT$1,510"
15-05-2023,13787,NT$320
15-05-2023,13788,"NT$1,210"
15-05-2023,13789,NT$750
15-05-2023,13790,NT$470
15-05-2023,13791,NT$200
15-05-2023,13792,NT$560
15-05-2023,13793,"NT$1,440"
15-05-2023,13794,NT$940
15-05-2023,13795,"NT$1,350"
15-05-2023,13796,NT$380
15-05-2023,13797,NT$580
15-05-2023,13798,NT$920
15-05-2023,13799,"NT$1,040"
15-05-2023,13800,"NT$1,070"
16-05-2023,13801,NT$870
16-05-2023,13802,"NT$1,830"
16-05-2023,13803,NT$540
16-05-2023,13804,NT$390
16-05-2023,13805,NT$440
16-05-2023,13806,NT$590
16-05-2023,13807,NT$820
16-05-2023,13808,NT$810
16-05-2023,13809,"NT$1,450"
16-05-2023,13810,NT$730
16-05-2023,13811,NT$660
16-05-2023,13812,NT$290
16-05-2023,13813,NT$650
16-05-2023,13814,NT$850
16-05-2023,13815,NT$750
16-05-2023,13816,NT$560
16-05-2023,13817,NT$910
16-05-2023,13818,NT$750
16-05-2023,13819,"NT$1,410"
16-05-2023,13820,NT$640
16-05-2023,13821,NT$690
16-05-2023,13822,NT$740
16-05-2023,13823,NT$460
16-05-2023,13824,NT$590
16-05-2023,13825,NT$790
16-05-2023,13826,NT$810
16-05-2023,13827,"NT$1,250"
16-05-2023,13828,NT$970
17-05-2023,13829,"NT$1,610"
